ville,code_commune,departement,region,sport,club,fin_saison,division,classement,score_classement,capacite,taux_remplissage,score_event,nb_crea_entreprise,taux_chomage,salaire_median
Paris,75056,Paris,Île-de-France,football,Paris SG,2021,1,2,2,48583,"0,06","0,38",83 990,"0,0841","29 730,00"
Paris,75056,Paris,Île-de-France,football,Paris FC,2021,2,5,25,20000,"0,08","0,00",83 990,"0,0841","29 730,00"
Paris,75056,Paris,Île-de-France,football,Paris SG,2020,1,1,1,48583,"0,98","0,88",76 781,"0,0867","28 790,00"
Paris,75056,Paris,Île-de-France,football,Paris FC,2020,2,17,37,20000,"0,12","0,00",76 781,"0,0867","28 790,00"
Paris,75056,Paris,Île-de-France,football,Paris SG,2019,1,1,1,48583,"0,97","0,5",78 151,"0,0898","28 570,00"
Paris,75056,Paris,Île-de-France,football,Paris FC,2019,2,4,24,20000,"0,19","0,00",78 151,"0,0898","28 570,00"
Paris,75056,Paris,Île-de-France,football,Paris SG,2018,1,1,1,48583,"0,97","0,38",70 695,"0,0899","28 270,00"
Paris,75056,Paris,Île-de-France,football,Paris FC,2018,2,8,28,20000,"0,15","0,00",70 695,"0,0899","28 270,00"
Paris,75056,Paris,Île-de-France,football,Paris SG,2017,1,2,2,48583,"0,93","0,5",63 560,"0,0926","27 400,00"
Paris,75056,Paris,Île-de-France,football,Paris SG,2016,1,1,1,48583,"0,95","0,5",58 546,"0,0941","26 808,80"
Paris,75056,Paris,Île-de-France,football,Paris FC,2016,2,20,40,20000,"0,16","0,00",58 546,"0,0941","26 808,80"
Paris,75056,Paris,Île-de-France,football,Paris SG,2015,1,1,1,48583,"0,94","0,5",50 624,"0,0948","26 430,90"
Paris,75056,Paris,Île-de-France,football,Paris SG,2014,1,1,1,48583,"0,93","0,5",47 932,"0,0930","26 194,67"
Paris,75056,Paris,Île-de-France,football,Paris SG,2013,1,1,1,48583,"0,89","0,5",44 928,"0,0918","25 981,33"
Paris,75056,Paris,Île-de-France,football,Paris SG,2012,1,2,2,48583,"0,88","0,13",45 584,"0,0901","25 711,00"
Lyon,69123,Rhône,Rhône-Alpes,football,Ol. Lyonnais,2021,1,4,4,59186,"0,05","0,00",14 417,"0,0851","25 430,00"
Bordeaux,33063,Gironde,Aquitaine,football,G. Bordeaux,2021,1,12,12,42115,"0,11","0,00",9 002,"0,0911","24 870,00"
Lyon,69123,Rhône,Rhône-Alpes,football,Ol. Lyonnais,2020,1,7,7,59186,"0,80","0,00",13 513,"0,0882","24 570,00"
Nantes,44109,Loire-Atlantique,Pays de la Loire,football,FC Nantes,2021,1,18,18,35322,"0,10","0,00",7 080,"0,1009","24 170,00"
Lyon,69123,Rhône,Rhône-Alpes,football,Ol. Lyonnais,2019,1,3,3,59186,"0,83","0,00",14 067,"0,0927","24 150,00"
Lyon,69123,Rhône,Rhône-Alpes,football,Ol. Lyonnais,2018,1,3,3,59186,"0,78","0,00",11 908,"0,0928","23 890,00"
Bordeaux,33063,Gironde,Aquitaine,football,G. Bordeaux,2020,1,12,12,42115,"0,56","0,00",7 261,"0,0960","23 860,00"
Chambly,60139,Oise,Picardie,football,FC Chambly Oise,2021,2,19,39,4550,"0,28","0,00",120,"0,0843","23 650,00"
Nantes,44109,Loire-Atlantique,Pays de la Loire,football,FC Nantes,2020,1,13,13,35322,"0,71","0,00",5 815,"0,1052","23 500,00"
Bordeaux,33063,Gironde,Aquitaine,football,G. Bordeaux,2019,1,14,14,42115,"0,50","0,00",7 478,"0,1028","23 360,00"
Ajaccio,2A004,Corse-du-Sud,Corse,football,AC Ajaccio,2021,2,13,33,10446,"0,21","0,00",968,"0,0630","23 320,00"
Lyon,69123,Rhône,Rhône-Alpes,football,Ol. Lyonnais,2017,1,4,4,59186,"0,66","0,00",10 363,"0,0969","23 250,00"
Niort,79191,Deux-Sèvres,Poitou-Charentes,football,Chamois Niort,2021,2,18,38,10406,"0,20","0,00",694,"0,0939","23 120,00"
Chambly,60139,Oise,Picardie,football,FC Chambly Oise,2020,2,10,30,4550,"0,49","0,00",110,"0,0867","23 110,00"
Bordeaux,33063,Gironde,Aquitaine,football,G. Bordeaux,2018,1,6,6,42115,"0,62","0,00",7 054,"0,1025","23 070,00"
Nantes,44109,Loire-Atlantique,Pays de la Loire,football,FC Nantes,2019,1,12,12,35322,"0,71","0,00",5 607,"0,1127","22 960,00"
Lyon,69123,Rhône,Rhône-Alpes,football,Ol. Lyonnais,2016,1,2,2,59186,"0,68","0,13",8 667,"0,0995","22 806,60"
Rennes,35238,Îlle-et-Vilaine,Bretagne,football,Stade Rennais,2021,1,6,6,29778,"0,12","0,38",4 362,"0,0966","22 770,00"
Dijon,21231,Côte-d'Or,Bourgogne,football,Dijon,2021,1,20,20,16098,"0,21","0,00",2 623,"0,0941","22 720,00"
Thonon-les-Bains,74281,Haute-Savoie,Rhône-Alpes,football,FC Évian,2016,2,18,38,12243,"0,33","0,00",345,"0,1092","22 672,67"
Niort,79191,Deux-Sèvres,Poitou-Charentes,football,Chamois Niort,2020,2,18,38,10406,"0,28","0,00",527,"0,1001","22 620,00"
Nantes,44109,Loire-Atlantique,Pays de la Loire,football,FC Nantes,2018,1,9,9,35322,"0,70","0,00",4 589,"0,1125","22 600,00"
Lyon,69123,Rhône,Rhône-Alpes,football,Ol. Lyonnais,2015,1,2,2,59186,"0,59","0,13",7 409,"0,1020","22 501,30"
Ajaccio,2A004,Corse-du-Sud,Corse,football,AC Ajaccio,2020,2,3,23,10446,"0,29","0,00",904,"0,0691","22 370,00"
Thonon-les-Bains,74281,Haute-Savoie,Rhône-Alpes,football,FC Évian,2015,1,18,18,12243,"0,86","0,00",300,"0,1113","22 369,33"
Nancy,54395,Meurthe-et-Moselle,Lorraine,football,AS Nancy,2021,2,8,28,20087,"0,23","0,00",1 992,"0,1009","22 360,00"
Rodez,12202,Aveyron,Midi-Pyrénées,football,Rodez AF,2021,2,15,35,5955,"0,31","0,00",330,"0,0734","22 210,00"
Bordeaux,33063,Gironde,Aquitaine,football,G. Bordeaux,2017,1,6,6,42115,"0,58","0,00",6 023,"0,1073","22 170,00"
Dijon,21231,Côte-d'Or,Bourgogne,football,Dijon,2020,1,16,16,16098,"0,79","0,00",2 446,"0,0976","22 160,00"
Lyon,69123,Rhône,Rhône-Alpes,football,Ol. Lyonnais,2014,1,5,5,59186,"0,58","0,38",6 911,"0,1007","22 145,33"
Grenoble,38185,Isère,Rhône-Alpes,football,Grenoble,2021,2,4,24,20068,"0,14","0,00",3 167,"0,0963","22 140,00"
Toulouse,31555,Haute-Garonne,Midi-Pyrénées,football,Toulouse,2021,2,3,23,33150,"0,08","0,00",12 099,"0,1029","22 140,00"
Niort,79191,Deux-Sèvres,Poitou-Charentes,football,Chamois Niort,2019,2,12,32,10406,"0,33","0,00",555,"0,1109","22 080,00"
Rennes,35238,Îlle-et-Vilaine,Bretagne,football,Stade Rennais,2020,1,3,3,29778,"0,87","0,38",3 636,"0,1007","22 000,00"
Ajaccio,2A004,Corse-du-Sud,Corse,football,AC Ajaccio,2019,2,17,37,10446,"0,25","0,00",882,"0,0724","21 900,00"
Ajaccio,2A004,Corse-du-Sud,Corse,football,G. Ajaccio,2019,2,18,38,4050,"0,65","0,00",882,"0,0724","21 900,00"
Lyon,69123,Rhône,Rhône-Alpes,football,Ol. Lyonnais,2013,1,3,3,59186,"0,54","0,38",6 712,"0,0987","21 883,33"
Nantes,44109,Loire-Atlantique,Pays de la Loire,football,FC Nantes,2017,1,7,7,35322,"0,66","0,00",4 328,"0,1173","21 860,00"
Dijon,21231,Côte-d'Or,Bourgogne,football,Dijon,2019,1,18,18,16098,"0,81","0,00",2 268,"0,1017","21 830,00"
Nancy,54395,Meurthe-et-Moselle,Lorraine,football,AS Nancy,2020,2,12,32,20087,"0,51","0,00",1 701,"0,1060","21 800,00"
Rennes,35238,Îlle-et-Vilaine,Bretagne,football,Stade Rennais,2019,1,10,10,29778,"0,80","0,00",3 434,"0,1070","21 760,00"
Bordeaux,33063,Gironde,Aquitaine,football,G. Bordeaux,2016,1,11,11,42115,"0,60","0,00",5 147,"0,1115","21 752,33"
Toulouse,31555,Haute-Garonne,Midi-Pyrénées,football,Toulouse,2020,1,20,20,33150,"0,43","0,00",11 098,"0,1086","21 730,00"
Grenoble,38185,Isère,Rhône-Alpes,football,Grenoble,2020,2,9,29,20068,"0,26","0,00",2 843,"0,1014","21 680,00"
Niort,79191,Deux-Sèvres,Poitou-Charentes,football,Chamois Niort,2018,2,15,35,10406,"0,33","0,00",514,"0,1109","21 670,00"
Lyon,69123,Rhône,Rhône-Alpes,football,Ol. Lyonnais,2012,1,4,4,59186,"0,56","0,50",6 713,"0,0967","21 659,56"
Dijon,21231,Côte-d'Or,Bourgogne,football,Dijon,2018,1,11,11,16098,"0,76","0,00",1 871,"0,1018","21 650,00"
Caen,14118,Calvados,Basse-Normandie,football,SM Caen,2021,2,17,37,20500,"0,21","0,00",2 227,"0,1022","21 600,00"
Nice,06088,Alpes-Maritimes,Provence-Alpes-Côte d'Azur,football,OGC Nice,2021,1,9,9,36178,"0,03","0,00",9 729,"0,0978","21 570,00"
Nantes,44109,Loire-Atlantique,Pays de la Loire,football,FC Nantes,2016,1,14,14,35322,"0,68","0,00",3 829,"0,1204","21 512,50"
Rodez,12202,Aveyron,Midi-Pyrénées,football,Rodez AF,2020,2,16,36,5955,"0,48","0,00",291,"0,0740","21 490,00"
Thonon-les-Bains,74281,Haute-Savoie,Rhône-Alpes,football,FC Évian,2014,1,14,14,12243,"0,90","0,00",335,"0,1103","21 489,47"
Ajaccio,2A004,Corse-du-Sud,Corse,football,AC Ajaccio,2018,2,3,23,10446,"0,33","0,00",756,"0,0724","21 480,00"
Ajaccio,2A004,Corse-du-Sud,Corse,football,G. Ajaccio,2018,2,16,36,4050,"0,74","0,00",756,"0,0724","21 480,00"
Angers,49007,Maine-et-Loire,Pays de la Loire,football,Angers SCO,2021,1,13,13,19350,"0,27","0,00",2 694,"0,1149","21 450,00"
Toulouse,31555,Haute-Garonne,Midi-Pyrénées,football,Toulouse,2019,1,16,16,33150,"0,49","0,00",10 821,"0,1142","21 440,00"
Rennes,35238,Îlle-et-Vilaine,Bretagne,football,Stade Rennais,2018,1,5,5,29778,"0,78","0,00",3 035,"0,1071","21 440,00"
Brest,29019,Finistère,Bretagne,football,Stade Brestois,2021,1,17,17,15220,"0,31","0,00",1 830,"0,0978","21 420,00"
Bordeaux,33063,Gironde,Aquitaine,football,G. Bordeaux,2015,1,6,6,42115,"0,56","0,00",4 470,"0,1122","21 404,00"
Nancy,54395,Meurthe-et-Moselle,Lorraine,football,AS Nancy,2019,2,14,34,20087,"0,55","0,00",1 627,"0,1132","21 300,00"
Nantes,44109,Loire-Atlantique,Pays de la Loire,football,FC Nantes,2015,1,14,14,35322,"0,74","0,00",3 413,"0,1215","21 262,67"
Toulouse,31555,Haute-Garonne,Midi-Pyrénées,football,Toulouse,2018,1,18,18,33150,"0,51","0,00",8 952,"0,1139","21 190,00"
Grenoble,38185,Isère,Rhône-Alpes,football,Grenoble,2019,2,9,29,20068,"0,32","0,00",2 837,"0,1046","21 170,00"
Thonon-les-Bains,74281,Haute-Savoie,Rhône-Alpes,football,FC Évian,2013,1,16,16,12243,"0,83","0,00",316,"0,1019","21 162,67"
Dijon,21231,Côte-d'Or,Bourgogne,football,Dijon,2017,1,16,16,16098,"0,63","0,00",1 596,"0,1023","21 130,00"
Bordeaux,33063,Gironde,Aquitaine,football,G. Bordeaux,2014,1,7,7,42115,"0,45","0,13",4 206,"0,1101","21 096,67"
Caen,14118,Calvados,Basse-Normandie,football,SM Caen,2020,2,13,33,20500,"0,50","0,00",1 881,"0,1048","21 060,00"
Nancy,54395,Meurthe-et-Moselle,Lorraine,football,AS Nancy,2018,2,17,37,20087,"0,58","0,00",1 469,"0,1133","21 000,00"
Niort,79191,Deux-Sèvres,Poitou-Charentes,football,Chamois Niort,2017,2,10,30,10406,"0,36","0,00",431,"0,1222","20 970,00"
Pau,64445,Pyrénées-Atlantiques,Aquitaine,football,Pau FC,2021,2,14,34,4144,"0,55","0,00",1 398,"0,118","20 970,00"
Ajaccio,2A004,Corse-du-Sud,Corse,football,AC Ajaccio,2017,2,11,31,10446,"0,26","0,00",741,"0,0743","20 940,00"
Ajaccio,2A004,Corse-du-Sud,Corse,football,G. Ajaccio,2017,2,9,29,4050,"0,76","0,00",741,"0,0743","20 940,00"
Metz,57463,Moselle,Lorraine,football,FC Metz,2021,1,10,10,28786,"0,17","0,00",2 076,"0,1055","20 940,00"
Nantes,44109,Loire-Atlantique,Pays de la Loire,football,FC Nantes,2014,1,13,13,35322,"0,80","0,00",3 508,"0,1186","20 936,00"
Dijon,21231,Côte-d'Or,Bourgogne,football,Dijon,2016,2,2,22,16098,"0,50","0,00",1 306,"0,1025","20 922,25"
Thonon-les-Bains,74281,Haute-Savoie,Rhône-Alpes,football,FC Évian,2012,1,9,9,12243,"0,96","0,00",300,"0,0993","20 901,00"
Nice,06088,Alpes-Maritimes,Provence-Alpes-Côte d'Azur,football,OGC Nice,2020,1,6,6,36178,"0,53","0,00",8 120,"0,1029","20 870,00"
Bordeaux,33063,Gironde,Aquitaine,football,G. Bordeaux,2013,1,7,7,42115,"0,46","0,25",3 869,"0,1070","20 865,00"
Lorient,56121,Morbihan,Bretagne,football,FC Lorient,2021,1,16,16,16787,"0,29","0,00",914,"0,1123","20 860,00"
Angers,49007,Maine-et-Loire,Pays de la Loire,football,Angers SCO,2020,1,11,11,19350,"0,51","0,00",2 108,"0,1207","20 850,00"
Brest,29019,Finistère,Bretagne,football,Stade Brestois,2020,1,14,14,15220,"0,90","0,00",1 388,"0,1064","20 840,00"
Dijon,21231,Côte-d'Or,Bourgogne,football,Dijon,2015,2,4,24,16098,"0,54","0,00",1 281,"0,1021","20 837,33"
Orléans,45234,Loiret,Centre,football,US Orléans,2020,2,20,40,7533,"0,50","0,00",1 661,"0,1150","20 820,00"
Niort,79191,Deux-Sèvres,Poitou-Charentes,football,Chamois Niort,2016,2,16,36,10406,"0,37","0,00",421,"0,1238","20 806,50"
Le Mans,72181,Sarthe,Pays de la Loire,football,Le Mans FC,2020,2,19,39,25064,"0,32","0,00",1 608,"0,1289","20 800,00"
Caen,14118,Calvados,Basse-Normandie,football,SM Caen,2019,1,19,19,20500,"0,81","0,00",1 775,"0,1135","20 770,00"
Nantes,44109,Loire-Atlantique,Pays de la Loire,football,FC Nantes,2013,2,3,23,35322,"0,53","0,00",3 152,"0,1139","20 725,50"
Rennes,35238,Îlle-et-Vilaine,Bretagne,football,Stade Rennais,2017,1,9,9,29778,"0,76","0,00",2 494,"0,1097","20 690,00"
Dijon,21231,Côte-d'Or,Bourgogne,football,Dijon,2014,2,6,26,16098,"0,51","0,00",1 335,"0,0999","20 688,10"
Nancy,54395,Meurthe-et-Moselle,Lorraine,football,AS Nancy,2017,1,19,19,20087,"0,87","0,00",1 037,"0,1151","20 650,00"
Toulouse,31555,Haute-Garonne,Midi-Pyrénées,football,Toulouse,2017,1,13,13,33150,"0,51","0,00",7 328,"0,1211","20 640,00"
Marseille,13055,Bouches-du-Rhône,Provence-Alpes-Côte d'Azur,football,Marseille,2021,1,5,5,67394,"0,01","0,38",21 891,"0,0989","20 600,00"
Bordeaux,33063,Gironde,Aquitaine,football,G. Bordeaux,2012,1,5,5,42115,"0,49","0,00",3 656,"0,1043","20 561,00"
Nice,06088,Alpes-Maritimes,Provence-Alpes-Côte d'Azur,football,OGC Nice,2019,1,7,7,36178,"0,53","0,00",7 627,"0,1066","20 530,00"
Dijon,21231,Côte-d'Or,Bourgogne,football,Dijon,2013,2,7,27,16098,"0,54","0,00",1 190,"0,0951","20 520,67"
Brest,29019,Finistère,Bretagne,football,Stade Brestois,2019,2,2,22,15220,"0,60","0,00",1 343,"0,1131","20 520,00"
Lille,59350,Nord,Nord-Pas-de-Calais,football,LOSC Lille,2021,1,1,1,50186,"0,08","0,00",6 567,"0,1134","20 520,00"
Niort,79191,Deux-Sèvres,Poitou-Charentes,football,Chamois Niort,2015,2,11,31,10406,"0,45","0,00",431,"0,1238","20 499,00"
Rennes,35238,Îlle-et-Vilaine,Bretagne,football,Stade Rennais,2016,1,8,8,29778,"0,78","0,00",2 126,"0,1110","20 488,10"
Nancy,54395,Meurthe-et-Moselle,Lorraine,football,AS Nancy,2016,2,1,21,20087,"0,75","0,00",995,"0,1161","20 478,10"
Caen,14118,Calvados,Basse-Normandie,football,SM Caen,2018,1,16,16,20500,"0,84","0,00",1 522,"0,1138","20 450,00"
Toulouse,31555,Haute-Garonne,Midi-Pyrénées,football,Toulouse,2016,1,17,17,33150,"0,49","0,00",6 049,"0,1271","20 430,00"
Clermont-Ferrand,63113,Puy-de-Dôme,Auvergne,football,Clermont Foot,2021,2,2,22,13000,"0,19","0,00",2 550,"0,1084","20 430,00"
Orléans,45234,Loiret,Centre,football,US Orléans,2019,2,8,28,7533,"0,55","0,00",1 514,"0,1184","20 420,00"
Angers,49007,Maine-et-Loire,Pays de la Loire,football,Angers SCO,2019,1,13,13,19350,"0,58","0,00",2 006,"0,1289","20 420,00"
Nantes,44109,Loire-Atlantique,Pays de la Loire,football,FC Nantes,2012,2,9,29,35322,"0,38","0,00",3 153,"0,1121","20 413,00"
Ajaccio,2A004,Corse-du-Sud,Corse,football,G. Ajaccio,2016,1,19,19,4050,"0,92","0,00",667,"0,0790","20 411,50"
Ajaccio,2A004,Corse-du-Sud,Corse,football,AC Ajaccio,2016,2,17,37,10446,"0,32","0,00",667,"0,0790","20 411,50"
Metz,57463,Moselle,Lorraine,football,FC Metz,2020,1,15,15,28786,"0,58","0,00",1 625,"0,1109","20 410,00"
Auxerre,89024,Yonne,Bourgogne,football,AJ Auxerre,2021,2,6,26,18541,"0,27","0,00",478,"0,1088","20 340,00"
Nice,06088,Alpes-Maritimes,Provence-Alpes-Côte d'Azur,football,OGC Nice,2018,1,8,8,36178,"0,63","0,25",6 744,"0,1066","20 320,00"
Châteauroux,36044,Indre,Centre,football,LB Châteauroux,2021,2,20,40,17072,"0,18","0,00",514,"0,1170","20 300,00"
Niort,79191,Deux-Sèvres,Poitou-Charentes,football,Chamois Niort,2014,2,5,25,10406,"0,49","0,00",411,"0,1223","20 299,33"
Rennes,35238,Îlle-et-Vilaine,Bretagne,football,Stade Rennais,2015,1,9,9,29778,"0,68","0,00",1 882,"0,1101","20 299,33"
Istres,13047,Bouches-du-Rhône,Provence-Alpes-Côte d'Azur,football,FC Istres,2014,2,19,39,17170,"0,13","0,00",280,"0,0995","20 298,89"
Toulouse,31555,Haute-Garonne,Midi-Pyrénées,football,Toulouse,2015,1,17,17,33150,"0,47","0,00",5 544,"0,1282","20 289,00"
Dijon,21231,Côte-d'Or,Bourgogne,football,Dijon,2012,1,19,19,16098,"0,84","0,00",1 270,"0,0909","20 281,33"
Toulouse,31555,Haute-Garonne,Midi-Pyrénées,football,Toulouse,2014,1,9,9,33150,"0,45","0,00",5 597,"0,1274","20 270,67"
Strasbourg,67482,Bas-Rhin,Alsace,football,R. Strasbourg,2021,1,15,15,26109,"0,18","0,00",5 853,"0,1113","20 260,00"
Valenciennes,59606,Nord,Nord-Pas-de-Calais,football,Valenciennes FC,2021,2,11,31,25000,"0,17","0,00",718,"0,1360","20 250,00"
Brest,29019,Finistère,Bretagne,football,Stade Brestois,2018,2,5,25,15220,"0,49","0,00",1 200,"0,1131","20 240,00"
Dunkerque,59183,Nord,Nord-Pas-de-Calais,football,USL Dunkerque,2021,2,16,36,4933,"0,26","0,00",1 193,"0,1389","20 240,00"
Ajaccio,2A004,Corse-du-Sud,Corse,football,AC Ajaccio,2015,2,17,37,10446,"0,40","0,00",663,"0,0792","20 235,38"
Ajaccio,2A004,Corse-du-Sud,Corse,football,G. Ajaccio,2015,2,2,22,4050,"0,56","0,00",663,"0,0792","20 235,38"
Reims,51454,Marne,Champagne-Ardenne,football,Stade de Reims,2021,1,14,14,20519,"0,20","0,00",3 655,"0,1180","20 210,00"
Nancy,54395,Meurthe-et-Moselle,Lorraine,football,AS Nancy,2015,2,5,25,20087,"0,74","0,00",936,"0,1161","20 198,00"
Rennes,35238,Îlle-et-Vilaine,Bretagne,football,Stade Rennais,2014,1,12,12,29778,"0,64","0,00",1 899,"0,1063","20 197,60"
Orléans,45234,Loiret,Centre,football,US Orléans,2018,2,12,32,7533,"0,53","0,00",1 369,"0,1188","20 180,00"
Le Havre,76351,Seine-Maritime,Haute-Normandie,football,Le Havre AC,2021,2,12,32,25178,"0,13","0,00",2 277,"0,1401","20 180,00"
Rennes,35238,Îlle-et-Vilaine,Bretagne,football,Stade Rennais,2013,1,13,13,29778,"0,61","0,00",1 863,"0,1025","20 110,56"
Toulouse,31555,Haute-Garonne,Midi-Pyrénées,football,Toulouse,2013,1,10,10,33150,"0,53","0,00",5 249,"0,1238","20 100,00"
Angers,49007,Maine-et-Loire,Pays de la Loire,football,Angers SCO,2018,1,14,14,19350,"0,57","0,00",1 720,"0,1288","20 100,00"
Clermont-Ferrand,63113,Puy-de-Dôme,Auvergne,football,Clermont Foot,2020,2,5,25,13000,"0,26","0,00",2 116,"0,1128","20 050,00"
Niort,79191,Deux-Sèvres,Poitou-Charentes,football,Chamois Niort,2013,2,15,35,10406,"0,48","0,00",459,"0,1216","20 036,67"
Caen,14118,Calvados,Basse-Normandie,football,SM Caen,2017,1,17,17,20500,"0,82","0,00",1 070,"0,1160","20 020,00"
Metz,57463,Moselle,Lorraine,football,FC Metz,2019,2,1,21,28786,"0,41","0,00",1 484,"0,1188","20 010,00"
Lorient,56121,Morbihan,Bretagne,football,FC Lorient,2020,2,1,21,16787,"0,48","0,00",742,"0,1189","20 010,00"
Lille,59350,Nord,Nord-Pas-de-Calais,football,LOSC Lille,2020,1,4,4,50186,"0,73","0,00",5 447,"0,1204","20 000,00"
Nancy,54395,Meurthe-et-Moselle,Lorraine,football,AS Nancy,2014,2,4,24,20087,"0,73","0,00",947,"0,1126","19 996,15"
Istres,13047,Bouches-du-Rhône,Provence-Alpes-Côte d'Azur,football,FC Istres,2013,2,13,33,17170,"0,14","0,00",348,"0,1001","19 978,80"
Marseille,13055,Bouches-du-Rhône,Provence-Alpes-Côte d'Azur,football,Marseille,2020,1,2,2,67394,"0,78","0,00",16 143,"0,1067","19 940,00"
Tours,37261,Indre-et-Loire,Centre,football,Tours FC,2018,2,20,40,12699,"0,27","0,00",1 815,"0,1248","19 910,00"
Châteauroux,36044,Indre,Centre,football,LB Châteauroux,2020,2,15,35,17072,"0,23","0,00",444,"0,1254","19 910,00"
Auxerre,89024,Yonne,Bourgogne,football,AJ Auxerre,2020,2,11,31,18541,"0,31","0,00",434,"0,1117","19 890,00"
Toulouse,31555,Haute-Garonne,Midi-Pyrénées,football,Toulouse,2012,1,8,8,33150,"0,65","0,00",5 181,"0,1189","19 883,20"
Laval,53130,Mayenne,Pays de la Loire,football,Stade Lavallois,2017,2,20,40,11107,"0,44","0,00",478,"0,1067","19 860,00"
Rennes,35238,Îlle-et-Vilaine,Bretagne,football,Stade Rennais,2012,1,6,6,29778,"0,69","0,00",1 786,"0,0992","19 845,10"
Nice,06088,Alpes-Maritimes,Provence-Alpes-Côte d'Azur,football,OGC Nice,2017,1,3,3,36178,"0,63","0,13",5 890,"0,1115","19 830,00"
Ajaccio,2A004,Corse-du-Sud,Corse,football,AC Ajaccio,2014,1,20,20,10446,"0,60","0,00",674,"0,0818","19 802,00"
Reims,51454,Marne,Champagne-Ardenne,football,Stade de Reims,2020,1,5,5,20519,"0,63","0,00",2 622,"0,1226","19 790,00"
Nancy,54395,Meurthe-et-Moselle,Lorraine,football,AS Nancy,2013,1,18,18,20087,"0,78","0,00",851,"0,1106","19 775,24"
Metz,57463,Moselle,Lorraine,football,FC Metz,2018,1,20,20,28786,"0,52","0,00",1 292,"0,1196","19 750,00"
Valenciennes,59606,Nord,Nord-Pas-de-Calais,football,Valenciennes FC,2020,2,7,27,25000,"0,32","0,00",659,"0,1368","19 730,00"
Clermont-Ferrand,63113,Puy-de-Dôme,Auvergne,football,Clermont Foot,2019,2,10,30,13000,"0,22","0,00",1 878,"0,1199","19 720,00"
Lorient,56121,Morbihan,Bretagne,football,FC Lorient,2019,2,6,26,16787,"0,45","0,00",669,"0,1304","19 700,00"
Strasbourg,67482,Bas-Rhin,Alsace,football,R. Strasbourg,2020,1,10,10,26109,"0,95","0,00",4 689,"0,1152","19 680,00"
Montpellier,34172,Hérault,Languedoc-Roussillon,football,Montpellier,2021,1,8,8,22000,"0,17","0,00",8 161,"0,1251","19 670,00"
Caen,14118,Calvados,Basse-Normandie,football,SM Caen,2016,1,7,7,20500,"0,86","0,00",921,"0,1186","19 666,19"
Amiens,80021,Somme,Picardie,football,Amiens SC,2021,2,10,30,12999,"0,36","0,00",2 161,"0,1288","19 650,00"
Le Havre,76351,Seine-Maritime,Haute-Normandie,football,Le Havre AC,2020,2,6,26,25178,"0,30","0,00",1 825,"0,1458","19 650,00"
Brest,29019,Finistère,Bretagne,football,Stade Brestois,2017,2,5,25,15220,"0,53","0,00",934,"0,1182","19 640,00"
Angers,49007,Maine-et-Loire,Pays de la Loire,football,Angers SCO,2017,1,12,12,19350,"0,62","0,00",1 361,"0,1348","19 630,00"
Istres,13047,Bouches-du-Rhône,Provence-Alpes-Côte d'Azur,football,FC Istres,2012,2,10,30,17170,"0,14","0,00",346,"0,0949","19 626,96"
Nancy,54395,Meurthe-et-Moselle,Lorraine,football,AS Nancy,2012,1,11,11,20087,"0,76","0,00",886,"0,1059","19 623,67"
Lille,59350,Nord,Nord-Pas-de-Calais,football,LOSC Lille,2019,1,2,2,50186,"0,68","0,00",5 220,"0,1266","19 580,00"
Laval,53130,Mayenne,Pays de la Loire,football,Stade Lavallois,2016,2,13,33,11107,"0,49","0,00",368,"0,1054","19 559,52"
Caen,14118,Calvados,Basse-Normandie,football,SM Caen,2015,1,13,13,20500,"0,82","0,00",929,"0,1204","19 554,80"
Nice,06088,Alpes-Maritimes,Provence-Alpes-Côte d'Azur,football,OGC Nice,2016,1,4,4,36178,"0,53","0,00",5 578,"0,1133","19 533,00"
Châteauroux,36044,Indre,Centre,football,LB Châteauroux,2019,2,11,31,17072,"0,26","0,00",377,"0,1299","19 520,00"
Ajaccio,2A004,Corse-du-Sud,Corse,football,AC Ajaccio,2013,1,17,17,10446,"0,65","0,00",693,"0,0853","19 501,43"
Ajaccio,2A004,Corse-du-Sud,Corse,football,G. Ajaccio,2013,2,20,40,4050,"0,47","0,00",693,"0,0853","19 501,43"
Orléans,45234,Loiret,Centre,football,US Orléans,2017,2,18,38,7533,"0,57","0,00",1 050,"0,1214","19 480,00"
Clermont-Ferrand,63113,Puy-de-Dôme,Auvergne,football,Clermont Foot,2018,2,6,26,13000,"0,26","0,00",1 670,"0,1196","19 460,00"
Lorient,56121,Morbihan,Bretagne,football,FC Lorient,2018,2,7,27,16787,"0,51","0,00",579,"0,1305","19 430,00"
Auxerre,89024,Yonne,Bourgogne,football,AJ Auxerre,2019,2,15,35,18541,"0,34","0,00",372,"0,1208","19 390,00"
Laval,53130,Mayenne,Pays de la Loire,football,Stade Lavallois,2015,2,8,28,11107,"0,50","0,00",342,"0,1072","19 389,05"
Le Havre,76351,Seine-Maritime,Haute-Normandie,football,Le Havre AC,2019,2,7,27,25178,"0,26","0,00",1 687,"0,1525","19 380,00"
Marseille,13055,Bouches-du-Rhône,Provence-Alpes-Côte d'Azur,football,Marseille,2019,1,5,5,67394,"0,79","0,00",15 525,"0,1131","19 370,00"
Tours,37261,Indre-et-Loire,Centre,football,Tours FC,2017,2,16,36,12699,"0,36","0,00",1 386,"0,1291","19 360,00"
Angers,49007,Maine-et-Loire,Pays de la Loire,football,Angers SCO,2016,1,9,9,19350,"0,70","0,00",1 233,"0,1374","19 354,00"
Nice,06088,Alpes-Maritimes,Provence-Alpes-Côte d'Azur,football,OGC Nice,2015,1,11,11,36178,"0,53","0,00",5 229,"0,1139","19 343,60"
Lille,59350,Nord,Nord-Pas-de-Calais,football,LOSC Lille,2018,1,17,17,50186,"0,66","0,00",4 356,"0,1263","19 320,00"
Châteauroux,36044,Indre,Centre,football,LB Châteauroux,2018,2,9,29,17072,"0,26","0,00",290,"0,1295","19 320,00"
Brest,29019,Finistère,Bretagne,football,Stade Brestois,2016,2,10,30,15220,"0,45","0,00",842,"0,1221","19 317,41"
Metz,57463,Moselle,Lorraine,football,FC Metz,2017,1,14,14,28786,"0,56","0,00",1 173,"0,1225","19 300,00"
Reims,51454,Marne,Champagne-Ardenne,football,Stade de Reims,2019,1,8,8,20519,"0,70","0,00",2 371,"0,1277","19 280,00"
Caen,14118,Calvados,Basse-Normandie,football,SM Caen,2014,2,3,23,20500,"0,53","0,00",990,"0,1184","19 271,00"
Valenciennes,59606,Nord,Nord-Pas-de-Calais,football,Valenciennes FC,2019,2,13,33,25000,"0,34","0,00",510,"0,1407","19 270,00"
Amiens,80021,Somme,Picardie,football,Amiens SC,2020,1,19,19,12999,"0,90","0,00",1 755,"0,1311","19 270,00"
Le Havre,76351,Seine-Maritime,Haute-Normandie,football,Le Havre AC,2018,2,4,24,25178,"0,29","0,00",1 271,"0,1518","19 240,00"
Brest,29019,Finistère,Bretagne,football,Stade Brestois,2014,2,7,27,15220,"0,50","0,00",891,"0,1185","19 224,40"
Strasbourg,67482,Bas-Rhin,Alsace,football,R. Strasbourg,2019,1,11,11,26109,"0,97","0,00",4 465,"0,1205","19 220,00"
Brest,29019,Finistère,Bretagne,football,Stade Brestois,2015,2,6,26,15220,"0,50","0,00",870,"0,1198","19 210,00"
Montpellier,34172,Hérault,Languedoc-Roussillon,football,Montpellier,2020,1,8,8,22000,"0,64","0,00",6 928,"0,1304","19 210,00"
Clermont-Ferrand,63113,Puy-de-Dôme,Auvergne,football,Clermont Foot,2017,2,12,32,13000,"0,25","0,00",1 353,"0,1215","19 200,00"
Angers,49007,Maine-et-Loire,Pays de la Loire,football,Angers SCO,2015,2,3,23,19350,"0,45","0,00",1 208,"0,1393","19 194,00"
Laval,53130,Mayenne,Pays de la Loire,football,Stade Lavallois,2014,2,17,37,11107,"0,50","0,00",437,"0,1034","19 191,08"
Bourg-en-Bresse,01053,Ain,Rhône-Alpes,football,Bourg-en-Bresse,2018,2,18,38,11368,"0,26","0,00",385,"0,1245","19 180,00"
Orléans,45234,Loiret,Centre,football,US Orléans,2015,2,18,38,7533,"0,53","0,00",881,"0,1246","19 158,00"
Tours,37261,Indre-et-Loire,Centre,football,Tours FC,2015,2,15,35,12699,"0,40","0,00",1 186,"0,1288","19 132,61"
Tours,37261,Indre-et-Loire,Centre,football,Tours FC,2016,2,9,29,12699,"0,39","0,00",1 170,"0,1280","19 116,00"
Le Mans,72181,Sarthe,Pays de la Loire,football,Le Mans FC,2013,2,18,38,25064,"0,31","0,00",901,"0,1284","19 112,53"
Créteil,94028,Val-de-Marne,Île-de-France,football,US Créteil-L,2016,2,19,39,12150,"0,19","0,00",888,"0,1111","19 086,50"
Laval,53130,Mayenne,Pays de la Loire,football,Stade Lavallois,2013,2,17,37,11107,"0,43","0,00",341,"0,0976","19 082,67"
Reims,51454,Marne,Champagne-Ardenne,football,Stade de Reims,2018,2,1,21,20519,"0,48","0,00",1 997,"0,1277","19 060,00"
Metz,57463,Moselle,Lorraine,football,FC Metz,2016,2,3,23,28786,"0,46","0,00",1 020,"0,1255","19 056,00"
Créteil,94028,Val-de-Marne,Île-de-France,football,US Créteil-L,2015,2,14,34,12150,"0,20","0,00",821,"0,1138","19 052,78"
Brest,29019,Finistère,Bretagne,football,Stade Brestois,2013,1,20,20,15220,"0,78","0,00",851,"0,1156","19 050,70"
Auxerre,89024,Yonne,Bourgogne,football,AJ Auxerre,2018,2,11,31,18541,"0,32","0,00",335,"0,1205","19 040,00"
Tours,37261,Indre-et-Loire,Centre,football,Tours FC,2014,2,8,28,12699,"0,49","0,00",1 208,"0,1244","19 025,24"
Caen,14118,Calvados,Basse-Normandie,football,SM Caen,2013,2,4,24,20500,"0,49","0,00",937,"0,1131","19 024,40"
Ajaccio,2A004,Corse-du-Sud,Corse,football,AC Ajaccio,2012,1,16,16,10446,"0,61","0,00",693,"0,0834","19 013,50"
Nice,06088,Alpes-Maritimes,Provence-Alpes-Côte d'Azur,football,OGC Nice,2014,1,17,17,36178,"0,67","0,00",5 317,"0,1111","19 010,00"
Marseille,13055,Bouches-du-Rhône,Provence-Alpes-Côte d'Azur,football,Marseille,2018,1,4,4,67394,"0,69","0,88",13 429,"0,1129","19 010,00"
Saint-Étienne,42218,Loire,Rhône-Alpes,football,Saint-Étienne,2021,1,11,11,41965,"0,07","0,00",2 898,"0,1330","19 010,00"
Créteil,94028,Val-de-Marne,Île-de-France,football,US Créteil-L,2014,2,11,31,12150,"0,21","0,00",765,"0,1102","19 007,71"
Valenciennes,59606,Nord,Nord-Pas-de-Calais,football,Valenciennes FC,2018,2,13,33,25000,"0,33","0,00",387,"0,1409","18 970,00"
Angers,49007,Maine-et-Loire,Pays de la Loire,football,Angers SCO,2014,2,9,29,19350,"0,43","0,00",1 192,"0,1367","18 946,67"
Clermont-Ferrand,63113,Puy-de-Dôme,Auvergne,football,Clermont Foot,2016,2,7,27,13000,"0,29","0,00",1 112,"0,1205","18 923,33"
Clermont-Ferrand,63113,Puy-de-Dôme,Auvergne,football,Clermont Foot,2015,2,12,32,13000,"0,24","0,00",1 083,"0,1199","18 894,00"
Tours,37261,Indre-et-Loire,Centre,football,Tours FC,2013,2,10,30,12699,"0,34","0,00",1 076,"0,1188","18 883,85"
Montpellier,34172,Hérault,Languedoc-Roussillon,football,Montpellier,2019,1,6,6,22000,"0,63","0,00",6 667,"0,1354","18 870,00"
Metz,57463,Moselle,Lorraine,football,FC Metz,2015,1,19,19,28786,"0,64","0,00",998,"0,1268","18 860,38"
Lorient,56121,Morbihan,Bretagne,football,FC Lorient,2017,1,18,18,16787,"0,70","0,00",548,"0,1376","18 850,00"
Nice,06088,Alpes-Maritimes,Provence-Alpes-Côte d'Azur,football,OGC Nice,2013,1,4,4,36178,"0,28","0,00",5 402,"0,1081","18 833,89"
Metz,57463,Moselle,Lorraine,football,FC Metz,2014,2,1,21,28786,"0,48","0,00",1 115,"0,1233","18 825,17"
Amiens,80021,Somme,Picardie,football,Amiens SC,2019,1,15,15,12999,"0,84","0,00",1 695,"0,1285","18 820,00"
Le Havre,76351,Seine-Maritime,Haute-Normandie,football,Le Havre AC,2017,2,8,28,25178,"0,31","0,00",962,"0,1511","18 800,00"
Strasbourg,67482,Bas-Rhin,Alsace,football,R. Strasbourg,2018,1,15,15,26109,"0,92","0,00",3 980,"0,1202","18 790,00"
Caen,14118,Calvados,Basse-Normandie,football,SM Caen,2012,1,18,18,20500,"0,75","0,00",936,"0,1127","18 760,57"
Saint-Ouen,93070,Seine-Saint-Denis,Île-de-France,football,Red Star FC,2019,2,20,40,5600,"0,41","0,00",1 455,"0,1364","18 760,00"
Nîmes,30189,Gard,Languedoc-Roussillon,football,Nîmes Olympique,2021,1,19,19,8033,"0,38","0,00",2 653,"0,1284","18 760,00"
Angers,49007,Maine-et-Loire,Pays de la Loire,football,Angers SCO,2013,2,5,25,19350,"0,43","0,00",1 162,"0,1305","18 748,00"
Clermont-Ferrand,63113,Puy-de-Dôme,Auvergne,football,Clermont Foot,2014,2,14,34,13000,"0,29","0,00",1 144,"0,1172","18 743,33"
Auxerre,89024,Yonne,Bourgogne,football,AJ Auxerre,2017,2,17,37,18541,"0,33","0,00",286,"0,1247","18 720,00"
Lorient,56121,Morbihan,Bretagne,football,FC Lorient,2016,1,15,15,16787,"0,71","0,00",493,"0,1308","18 697,20"
Nice,06088,Alpes-Maritimes,Provence-Alpes-Côte d'Azur,football,OGC Nice,2012,1,13,13,36178,"0,25","0,00",5 537,"0,1044","18 683,00"
Lille,59350,Nord,Nord-Pas-de-Calais,football,LOSC Lille,2017,1,11,11,50186,"0,59","0,00",3 682,"0,1287","18 680,00"
Saint-Étienne,42218,Loire,Rhône-Alpes,football,Saint-Étienne,2020,1,17,17,41965,"0,58","0,00",2 610,"0,1360","18 680,00"
Le Mans,72181,Sarthe,Pays de la Loire,football,Le Mans FC,2012,2,17,37,25064,"0,33","0,00",846,"0,1237","18 671,11"
Lorient,56121,Morbihan,Bretagne,football,FC Lorient,2015,1,16,16,16787,"0,82","0,00",470,"0,1324","18 624,00"
Clermont-Ferrand,63113,Puy-de-Dôme,Auvergne,football,Clermont Foot,2013,2,14,34,13000,"0,31","0,00",1 168,"0,1131","18 613,50"
Châteauroux,36044,Indre,Centre,football,LB Châteauroux,2015,2,19,39,17072,"0,29","0,00",269,"0,1329","18 609,48"
Strasbourg,67482,Bas-Rhin,Alsace,football,R. Strasbourg,2017,2,1,21,26109,"0,65","0,00",3 433,"0,1258","18 580,00"
Tours,37261,Indre-et-Loire,Centre,football,Tours FC,2012,2,6,26,12699,"0,42","0,00",1 121,"0,1127","18 558,00"
Marseille,13055,Bouches-du-Rhône,Provence-Alpes-Côte d'Azur,football,Marseille,2017,1,5,5,67394,"0,59","0,00",10 932,"0,1181","18 550,00"
Amiens,80021,Somme,Picardie,football,Amiens SC,2018,1,13,13,12999,"0,73","0,00",1 562,"0,1289","18 550,00"
Brest,29019,Finistère,Bretagne,football,Stade Brestois,2012,1,15,15,15220,"0,89","0,00",830,"0,1114","18 546,75"
Bourg-en-Bresse,01053,Ain,Rhône-Alpes,football,Bourg-en-Bresse,2017,2,15,35,11368,"0,22","0,00",323,"0,1242","18 530,00"
Reims,51454,Marne,Champagne-Ardenne,football,Stade de Reims,2017,2,7,27,20519,"0,51","0,00",1 715,"0,1317","18 530,00"
Laval,53130,Mayenne,Pays de la Loire,football,Stade Lavallois,2012,2,16,36,11107,"0,52","0,00",361,"0,0952","18 518,80"
Le Havre,76351,Seine-Maritime,Haute-Normandie,football,Le Havre AC,2016,2,4,24,25178,"0,30","0,00",891,"0,1523","18 506,67"
Montpellier,34172,Hérault,Languedoc-Roussillon,football,Montpellier,2018,1,10,10,22000,"0,59","0,00",5 411,"0,1354","18 480,00"
Lorient,56121,Morbihan,Bretagne,football,FC Lorient,2014,1,8,8,16787,"0,90","0,00",464,"0,1283","18 475,00"
Auxerre,89024,Yonne,Bourgogne,football,AJ Auxerre,2016,2,8,28,18541,"0,29","0,00",267,"0,1316","18 466,15"
Bastia,2B033,Haute-Corse,Corse,football,SC Bastia,2017,1,20,20,16480,"0,64","0,00",470,"0,0892","18 460,00"
Auxerre,89024,Yonne,Bourgogne,football,AJ Auxerre,2015,2,9,29,18541,"0,33","0,00",246,"0,1347","18 451,17"
Nîmes,30189,Gard,Languedoc-Roussillon,football,Nîmes Olympique,2020,1,18,18,18364,"0,35","0,00",2 223,"0,1328","18 450,00"
Lille,59350,Nord,Nord-Pas-de-Calais,football,LOSC Lille,2016,1,5,5,50186,"0,60","0,00",3 133,"0,1310","18 424,00"
Châteauroux,36044,Indre,Centre,football,LB Châteauroux,2014,2,18,38,17072,"0,33","0,00",270,"0,1331","18 415,00"
Saint-Étienne,42218,Loire,Rhône-Alpes,football,Saint-Étienne,2019,1,4,4,41965,"0,68","0,00",2 438,"0,1366","18 410,00"
Valenciennes,59606,Nord,Nord-Pas-de-Calais,football,Valenciennes FC,2017,2,14,34,25000,"0,32","0,00",419,"0,1485","18 390,00"
Reims,51454,Marne,Champagne-Ardenne,football,Stade de Reims,2016,1,18,18,20519,"0,66","0,00",1 387,"0,1329","18 380,00"
Le Havre,76351,Seine-Maritime,Haute-Normandie,football,Le Havre AC,2015,2,7,27,25178,"0,29","0,00",876,"0,1519","18 375,00"
Angers,49007,Maine-et-Loire,Pays de la Loire,football,Angers SCO,2012,2,11,31,19350,"0,36","0,00",1 136,"0,1233","18 371,67"
Saint-Étienne,42218,Loire,Rhône-Alpes,football,Saint-Étienne,2018,1,7,7,41965,"0,67","0,00",1 905,"0,1364","18 330,00"
Clermont-Ferrand,63113,Puy-de-Dôme,Auvergne,football,Clermont Foot,2012,2,5,25,13000,"0,42","0,00",1 051,"0,1106","18 317,00"
Guingamp,22070,Côtes d'Armor,Bretagne,football,EA Guingamp,2021,2,9,29,18462,"0,25","0,00",62,"0,1368","18 300,00"
Lorient,56121,Morbihan,Bretagne,football,FC Lorient,2013,1,8,8,16787,"0,90","0,00",443,"0,1220","18 273,21"
Metz,57463,Moselle,Lorraine,football,FC Metz,2012,2,18,38,28786,"0,33","0,00",1 084,"0,1113","18 265,00"
Troyes,10387,Aube,Champagne-Ardenne,football,Troyes,2021,2,1,21,20460,"0,21","0,00",1 090,"0,1490","18 260,00"
Bourg-en-Bresse,01053,Ain,Rhône-Alpes,football,Bourg-en-Bresse,2016,2,11,31,11368,"0,19","0,00",367,"0,1271","18 249,29"
Marseille,13055,Bouches-du-Rhône,Provence-Alpes-Côte d'Azur,football,Marseille,2016,1,13,13,67394,"0,65","0,25",9 305,"0,1225","18 248,00"
Le Havre,76351,Seine-Maritime,Haute-Normandie,football,Le Havre AC,2014,2,12,32,25178,"0,30","0,00",934,"0,1495","18 243,91"
Reims,51454,Marne,Champagne-Ardenne,football,Stade de Reims,2015,1,15,15,20519,"0,69","0,00",1 235,"0,1322","18 230,67"
Châteauroux,36044,Indre,Centre,football,LB Châteauroux,2013,2,16,36,17072,"0,33","0,00",227,"0,1296","18 225,33"
Auxerre,89024,Yonne,Bourgogne,football,AJ Auxerre,2014,2,16,36,18541,"0,30","0,00",257,"0,1286","18 212,75"
Marseille,13055,Bouches-du-Rhône,Provence-Alpes-Côte d'Azur,football,Marseille,2015,1,4,4,67394,"0,78","0,00",8 971,"0,1241","18 130,67"
Auxerre,89024,Yonne,Bourgogne,football,AJ Auxerre,2013,2,9,29,18541,"0,32","0,00",261,"0,1261","18 121,11"
Montpellier,34172,Hérault,Languedoc-Roussillon,football,Montpellier,2017,1,15,15,22000,"0,56","0,00",4 948,"0,1389","18 110,00"
Lille,59350,Nord,Nord-Pas-de-Calais,football,LOSC Lille,2015,1,8,8,50186,"0,73","0,00",2 742,"0,1297","18 102,39"
Reims,51454,Marne,Champagne-Ardenne,football,Stade de Reims,2014,1,11,11,20519,"0,76","0,00",1 308,"0,1282","18 094,00"
Le Havre,76351,Seine-Maritime,Haute-Normandie,football,Le Havre AC,2013,2,6,26,25178,"0,34","0,00",882,"0,1455","18 087,22"
Nîmes,30189,Gard,Languedoc-Roussillon,football,Nîmes Olympique,2019,1,9,9,18364,"0,39","0,00",2 176,"0,1370","18 020,00"
Bastia,2B033,Haute-Corse,Corse,football,SC Bastia,2016,1,10,10,16480,"0,70","0,00",416,"0,1004","18 020,00"
Reims,51454,Marne,Champagne-Ardenne,football,Stade de Reims,2013,1,14,14,20519,"0,76","0,00",1 303,"0,1237","18 012,80"
Lille,59350,Nord,Nord-Pas-de-Calais,football,LOSC Lille,2014,1,3,3,50186,"0,77","0,00",2 619,"0,1264","18 000,00"
Saint-Étienne,42218,Loire,Rhône-Alpes,football,Saint-Étienne,2017,1,8,8,41965,"0,65","0,00",1 568,"0,1399","17 980,00"
Valenciennes,59606,Nord,Nord-Pas-de-Calais,football,Valenciennes FC,2016,2,12,32,25000,"0,35","0,00",346,"0,1449","17 978,00"
Amiens,80021,Somme,Picardie,football,Amiens SC,2017,2,2,22,12999,"0,61","0,00",956,"0,1307","17 950,00"
Troyes,10387,Aube,Champagne-Ardenne,football,Troyes,2020,2,4,24,20460,"0,31","0,00",865,"0,1559","17 950,00"
Marseille,13055,Bouches-du-Rhône,Provence-Alpes-Côte d'Azur,football,Marseille,2014,1,6,6,67394,"0,56","0,13",8 925,"0,1245","17 930,00"
Petit-Quevilly,76498,Seine-Maritime,Haute-Normandie,football,Quevilly Rouen,2018,2,19,39,8372,"0,32","0,00",225,"0,1493","17 930,00"
Arles,13004,Bouches-du-Rhône,Provence-Alpes-Côte d'Azur,football,AC Arles-Avignon,2015,2,20,40,17518,"0,08","0,00",473,"0,1026","17 916,67"
Lorient,56121,Morbihan,Bretagne,football,FC Lorient,2012,1,17,17,16787,"0,93","0,00",465,"0,1167","17 915,00"
Valenciennes,59606,Nord,Nord-Pas-de-Calais,football,Valenciennes FC,2015,2,16,36,25000,"0,33","0,00",350,"0,1462","17 896,00"
Lille,59350,Nord,Nord-Pas-de-Calais,football,LOSC Lille,2013,1,6,6,50186,"0,81","0,00",2 521,"0,1231","17 842,00"
Bastia,2B033,Haute-Corse,Corse,football,SC Bastia,2015,1,12,12,16480,"0,78","0,00",406,"0,1032","17 830,50"
Marseille,13055,Bouches-du-Rhône,Provence-Alpes-Côte d'Azur,football,Marseille,2013,1,2,2,67394,"0,50","0,13",9 140,"0,1246","17 828,00"
Montpellier,34172,Hérault,Languedoc-Roussillon,football,Montpellier,2016,1,12,12,22000,"0,58","0,00",4 233,"0,1399","17 814,00"
Saint-Étienne,42218,Loire,Rhône-Alpes,football,Saint-Étienne,2015,1,5,5,41965,"0,77","0,38",1 432,"0,1433","17 802,00"
Troyes,10387,Aube,Champagne-Ardenne,football,Troyes,2019,2,3,23,20460,"0,33","0,00",743,"0,1633","17 790,00"
Saint-Étienne,42218,Loire,Rhône-Alpes,football,Saint-Étienne,2014,1,4,4,41965,"0,72","0,13",1 471,"0,1379","17 781,71"
Nîmes,30189,Gard,Languedoc-Roussillon,football,Nîmes Olympique,2018,2,2,22,18364,"0,47","0,00",1 900,"0,1370","17 770,00"
Auxerre,89024,Yonne,Bourgogne,football,AJ Auxerre,2012,1,20,20,18541,"0,65","0,00",253,"0,1211","17 769,33"
Saint-Étienne,42218,Loire,Rhône-Alpes,football,Saint-Étienne,2016,1,6,6,41965,"0,72","0,00",1 461,"0,1424","17 765,33"
Valenciennes,59606,Nord,Nord-Pas-de-Calais,football,Valenciennes FC,2014,1,19,19,25000,"0,57","0,00",352,"0,1408","17 762,00"
Saint-Ouen,93070,Seine-Saint-Denis,Île-de-France,football,Red Star FC,2017,2,19,39,5600,"0,88","0,00",1 205,"0,1355","17 760,00"
Châteauroux,36044,Indre,Centre,football,LB Châteauroux,2012,2,14,34,17072,"0,36","0,00",297,"0,1274","17 752,78"
Saint-Étienne,42218,Loire,Rhône-Alpes,football,Saint-Étienne,2013,1,5,5,41965,"0,55","0,00",1 426,"0,1341","17 694,00"
Reims,51454,Marne,Champagne-Ardenne,football,Stade de Reims,2012,2,2,22,20519,"0,63","0,00",1 355,"0,1182","17 693,33"
Arles,13004,Bouches-du-Rhône,Provence-Alpes-Côte d'Azur,football,AC Arles-Avignon,2013,2,11,31,17518,"0,13","0,00",534,"0,1116","17 646,67"
Montpellier,34172,Hérault,Languedoc-Roussillon,football,Montpellier,2015,1,7,7,22000,"0,58","0,00",3 874,"0,1399","17 640,00"
Le Havre,76351,Seine-Maritime,Haute-Normandie,football,Le Havre AC,2012,2,15,35,25178,"0,32","0,00",882,"0,1415","17 633,33"
Guingamp,22070,Côtes d'Armor,Bretagne,football,EA Guingamp,2020,2,8,28,18462,"0,49","0,00",45,"0,1368","17 630,00"
Valenciennes,59606,Nord,Nord-Pas-de-Calais,football,Valenciennes FC,2013,1,11,11,25000,"0,62","0,00",338,"0,1402","17 590,67"
Arles,13004,Bouches-du-Rhône,Provence-Alpes-Côte d'Azur,football,AC Arles-Avignon,2014,2,13,33,17518,"0,12","0,00",532,"0,1084","17 585,56"
Marseille,13055,Bouches-du-Rhône,Provence-Alpes-Côte d'Azur,football,Marseille,2012,1,10,10,67394,"0,60","0,88",9 157,"0,1237","17 548,00"
Lille,59350,Nord,Nord-Pas-de-Calais,football,LOSC Lille,2012,1,3,3,50186,"0,34","0,13",2 503,"0,1214","17 534,00"
Guingamp,22070,Côtes d'Armor,Bretagne,football,EA Guingamp,2019,1,20,20,18462,"0,80","0,00",55,"0,1367","17 460,00"
Troyes,10387,Aube,Champagne-Ardenne,football,Troyes,2018,1,19,19,20460,"0,60","0,00",634,"0,1633","17 450,00"
Saint-Étienne,42218,Loire,Rhône-Alpes,football,Saint-Étienne,2012,1,7,7,41965,"0,51","0,00",1 409,"0,1280","17 397,78"
Nîmes,30189,Gard,Languedoc-Roussillon,football,Nîmes Olympique,2017,2,6,26,8033,"0,82","0,00",1 517,"0,1408","17 390,00"
Guingamp,22070,Côtes d'Armor,Bretagne,football,EA Guingamp,2018,1,12,12,18462,"0,79","0,00",42,"0,1368","17 360,00"
Saint-Ouen,93070,Seine-Saint-Denis,Île-de-France,football,Red Star FC,2016,2,5,25,5600,"0,34","0,00",996,"0,1334","17 328,67"
Montpellier,34172,Hérault,Languedoc-Roussillon,football,Montpellier,2014,1,15,15,22000,"0,67","0,00",3 856,"0,1367","17 315,65"
Bastia,2B033,Haute-Corse,Corse,football,SC Bastia,2014,1,10,10,16480,"0,83","0,00",454,"0,1042","17 306,21"
Bastia,2B033,Haute-Corse,Corse,football,CA Bastia,2014,2,20,40,16480,"0,09","0,00",454,"0,1042","17 306,21"
Lens,62498,Pas-de-Calais,Nord-Pas-de-Calais,football,RC Lens,2021,1,7,7,38223,"0,13","0,00",473,"0,1668","17 250,00"
Montpellier,34172,Hérault,Languedoc-Roussillon,football,Montpellier,2013,1,9,9,22000,"0,77","0,00",3 813,"0,1358","17 247,92"
Valenciennes,59606,Nord,Nord-Pas-de-Calais,football,Valenciennes FC,2012,1,12,12,25000,"0,62","0,00",366,"0,1358","17 244,62"
Sochaux,25547,Doubs,Franche-Comté,football,FC Sochaux,2020,2,14,34,20005,"0,35","0,00",37,"0,1398","17 240,00"
Nîmes,30189,Gard,Languedoc-Roussillon,football,Nîmes Olympique,2016,2,14,34,8033,"0,86","0,00",1 551,"0,1423","17 140,00"
Bastia,2B033,Haute-Corse,Corse,football,SC Bastia,2013,1,12,12,16480,"0,72","0,00",434,"0,1011","17 127,50"
Montpellier,34172,Hérault,Languedoc-Roussillon,football,Montpellier,2012,1,1,1,22000,"0,80","0,00",3 724,"0,1322","17 121,60"
Troyes,10387,Aube,Champagne-Ardenne,football,Troyes,2017,2,3,23,20460,"0,33","0,00",429,"0,1673","17 100,00"
Sochaux,25547,Doubs,Franche-Comté,football,FC Sochaux,2018,2,10,30,20005,"0,39","0,00",29,"0,1380","17 080,00"
Amiens,80021,Somme,Picardie,football,Amiens SC,2012,2,20,40,12999,"0,74","0,00",797,"0,1353","17 054,76"
Arles,13004,Bouches-du-Rhône,Provence-Alpes-Côte d'Azur,football,AC Arles-Avignon,2012,2,13,33,17518,"0,16","0,00",565,"0,1151","17 054,00"
Sochaux,25547,Doubs,Franche-Comté,football,FC Sochaux,2021,2,7,27,20005,"0,24","0,00",69,"0,1397","17 050,00"
Troyes,10387,Aube,Champagne-Ardenne,football,Troyes,2016,1,20,20,20460,"0,61","0,00",409,"0,1708","16 888,67"
Nîmes,30189,Gard,Languedoc-Roussillon,football,Nîmes Olympique,2015,2,13,33,8033,"0,63","0,00",1 486,"0,1435","16 881,00"
Guingamp,22070,Côtes d'Armor,Bretagne,football,EA Guingamp,2017,1,10,10,18462,"0,80","0,00",44,"0,1557","16 850,00"
Lens,62498,Pas-de-Calais,Nord-Pas-de-Calais,football,RC Lens,2020,2,2,22,38223,"0,70","0,00",325,"0,1758","16 830,00"
Troyes,10387,Aube,Champagne-Ardenne,football,Troyes,2015,2,1,21,20460,"0,47","0,00",421,"0,1686","16 821,00"
Sochaux,25547,Doubs,Franche-Comté,football,FC Sochaux,2019,2,16,36,20005,"0,37","0,00",26,"0,1395","16 820,00"
Troyes,10387,Aube,Champagne-Ardenne,football,Troyes,2014,2,10,30,20460,"0,49","0,00",435,"0,1587","16 791,43"
Bastia,2B033,Haute-Corse,Corse,football,SC Bastia,2012,2,1,21,16480,"0,60","0,00",465,"0,0932","16 740,00"
Sochaux,25547,Doubs,Franche-Comté,football,FC Sochaux,2017,2,13,33,20005,"0,48","0,00",32,"0,1360","16 710,00"
Guingamp,22070,Côtes d'Armor,Bretagne,football,EA Guingamp,2013,2,2,22,18462,"0,52","0,00",37,"0,1549","16 709,00"
Guingamp,22070,Côtes d'Armor,Bretagne,football,EA Guingamp,2015,1,10,10,18462,"0,81","0,00",42,"0,1561","16 706,00"
Troyes,10387,Aube,Champagne-Ardenne,football,Troyes,2013,1,19,19,20460,"0,68","0,00",465,"0,1497","16 667,00"
Nîmes,30189,Gard,Languedoc-Roussillon,football,Nîmes Olympique,2014,2,15,35,8033,"0,71","0,00",1 617,"0,1459","16 626,00"
Nîmes,30189,Gard,Languedoc-Roussillon,football,Nîmes Olympique,2013,2,8,28,8033,"0,70","0,00",1 512,"0,1459","16 547,33"
Guingamp,22070,Côtes d'Armor,Bretagne,football,EA Guingamp,2014,1,16,16,18462,"0,81","0,00",37,"0,1556","16 531,67"
Guingamp,22070,Côtes d'Armor,Bretagne,football,EA Guingamp,2016,1,16,16,18462,"0,79","0,00",38,"0,1560","16 489,00"
Troyes,10387,Aube,Champagne-Ardenne,football,Troyes,2012,2,3,23,20460,"0,53","0,00",462,"0,1409","16 440,00"
Guingamp,22070,Côtes d'Armor,Bretagne,football,EA Guingamp,2012,2,7,27,18462,"0,51","0,00",38,"0,1091","16 404,00"
Béziers,34032,Hérault,Languedoc-Roussillon,football,AS Béziers,2019,2,19,39,12000,"0,23","0,00",1 196,"0,1463","16 350,00"
Lens,62498,Pas-de-Calais,Nord-Pas-de-Calais,football,RC Lens,2019,2,5,25,38223,"0,69","0,00",326,"0,1878","16 310,00"
Sochaux,25547,Doubs,Franche-Comté,football,FC Sochaux,2016,2,15,35,20005,"0,45","0,00",16,"0,1987","16 266,00"
Lens,62498,Pas-de-Calais,Nord-Pas-de-Calais,football,RC Lens,2018,2,14,34,38223,"0,62","0,00",282,"0,1889","15 990,00"
Sochaux,25547,Doubs,Franche-Comté,football,FC Sochaux,2014,1,18,18,20005,"0,72","0,00",28,"0,1984","15 703,33"
Sochaux,25547,Doubs,Franche-Comté,football,FC Sochaux,2013,1,15,15,20005,"0,67","0,00",23,"0,1998","15 694,00"
Sochaux,25547,Doubs,Franche-Comté,football,FC Sochaux,2015,2,10,30,20005,"0,46","0,00",23,"0,1985","15 594,00"
Sochaux,25547,Doubs,Franche-Comté,football,FC Sochaux,2012,1,14,14,20005,"0,70","0,00",21,"0,2007","15 585,33"
Lens,62498,Pas-de-Calais,Nord-Pas-de-Calais,football,RC Lens,2017,2,4,24,38223,"0,76","0,00",219,"0,1949","15 470,00"
Lens,62498,Pas-de-Calais,Nord-Pas-de-Calais,football,RC Lens,2016,2,6,26,38223,"0,69","0,00",189,"0,1932","15 295,65"
Lens,62498,Pas-de-Calais,Nord-Pas-de-Calais,football,RC Lens,2015,1,20,20,38223,"0,45","0,00",217,"0,1921","15 140,00"
Sedan,08409,Ardennes,Champagne-Ardenne,football,CS Sedan,2013,2,19,39,23189,"0,23","0,00",147,"0,1956","15 132,00"
Lens,62498,Pas-de-Calais,Nord-Pas-de-Calais,football,RC Lens,2013,2,12,32,38223,"0,42","0,00",245,"0,1797","15 108,00"
Lens,62498,Pas-de-Calais,Nord-Pas-de-Calais,football,RC Lens,2014,2,2,22,38223,"0,81","0,00",216,"0,1833","15 039,67"
Boulogne-sur-Mer,62160,Pas-de-Calais,Nord-Pas-de-Calais,football,US Boulogne,2012,2,19,39,15004,"0,55","0,00",275,"0,1685","14 927,69"
Sedan,08409,Ardennes,Champagne-Ardenne,football,CS Sedan,2012,2,4,24,23189,"0,34","0,00",104,"0,1866","14 869,52"
Lens,62498,Pas-de-Calais,Nord-Pas-de-Calais,football,RC Lens,2012,2,12,32,38223,"0,57","0,00",228,"0,1757","14 706,33"
Pau,64445,Pyrénées-Atlantiques,Aquitaine,football,Pau FC,2023,2,12,32,4144,"0,75","0,00",1 234,,
Nice,06088,Alpes-Maritimes,Provence-Alpes-Côte d'Azur,football,OGC Nice,2022,1,5,5,36178,"0,53","0,00",10 188,,
Nice,06088,Alpes-Maritimes,Provence-Alpes-Côte d'Azur,football,OGC Nice,2023,1,9,9,36178,"0,62","0,00",9 708,,
Troyes,10387,Aube,Champagne-Ardenne,football,Troyes,2022,1,15,15,20460,"0,47","0,00",938,,
Troyes,10387,Aube,Champagne-Ardenne,football,Troyes,2023,1,19,19,20460,"0,49","0,00",913,,
Rodez,12202,Aveyron,Midi-Pyrénées,football,Rodez AF,2022,2,17,37,5955,"0,24","0,00",371,,
Rodez,12202,Aveyron,Midi-Pyrénées,football,Rodez AF,2023,2,14,34,5955,"0,37","0,00",368,,
Marseille,13055,Bouches-du-Rhône,Provence-Alpes-Côte d'Azur,football,Marseille,2022,1,2,2,67394,"0,81","0,25",22 888,,
Marseille,13055,Bouches-du-Rhône,Provence-Alpes-Côte d'Azur,football,Marseille,2023,1,3,3,67394,"0,93","0,13",19 191,,
Caen,14118,Calvados,Basse-Normandie,football,SM Caen,2022,2,7,27,20500,"0,49","0,00",1 911,,
Caen,14118,Calvados,Basse-Normandie,football,SM Caen,2023,2,5,25,20500,"0,68","0,00",1 981,,
Dijon,21231,Côte-d'Or,Bourgogne,football,Dijon,2022,2,11,31,16098,"0,40","0,00",2 459,,
Dijon,21231,Côte-d'Or,Bourgogne,football,Dijon,2023,2,18,38,16098,"0,47","0,00",2 406,,
Guingamp,22070,Côtes d'Armor,Bretagne,football,EA Guingamp,2022,2,6,26,18462,"0,43","0,00",91,,
Guingamp,22070,Côtes d'Armor,Bretagne,football,EA Guingamp,2023,2,6,26,18462,"0,48","0,00",95,,
Sochaux,25547,Doubs,Franche-Comté,football,FC Sochaux,2022,2,5,25,20005,"0,46","0,00",62,,
Sochaux,25547,Doubs,Franche-Comté,football,FC Sochaux,2023,2,9,29,20005,"0,60","0,00",45,,
Brest,29019,Finistère,Bretagne,football,Stade Brestois,2022,1,11,11,15220,"0,77","0,00",1 674,,
Brest,29019,Finistère,Bretagne,football,Stade Brestois,2023,1,14,14,15220,"0,83","0,00",1 653,,
Ajaccio,2A004,Corse-du-Sud,Corse,football,AC Ajaccio,2022,2,2,22,10446,"0,33","0,00",1 080,,
Ajaccio,2A004,Corse-du-Sud,Corse,football,AC Ajaccio,2023,1,18,18,10446,"0,72","0,00",1 060,,
Bastia,2B033,Haute-Corse,Corse,football,SC Bastia,2022,2,12,32,16480,"0,45","0,00",562,,
Bastia,2B033,Haute-Corse,Corse,football,SC Bastia,2023,2,4,24,16480,"0,61","0,00",573,,
Nîmes,30189,Gard,Languedoc-Roussillon,football,Nîmes Olympique,2022,2,9,29,8033,"0,23","0,00",2 662,,
Nîmes,30189,Gard,Languedoc-Roussillon,football,Nîmes Olympique,2023,2,19,39,8033,"0,35","0,00",2 838,,
Toulouse,31555,Haute-Garonne,Midi-Pyrénées,football,Toulouse,2022,2,1,21,33150,"0,36","0,00",11 248,,
Toulouse,31555,Haute-Garonne,Midi-Pyrénées,football,Toulouse,2023,1,13,13,33150,"0,72","0,00",11 252,,
Bordeaux,33063,Gironde,Aquitaine,football,G. Bordeaux,2022,1,20,20,42115,"0,55","0,00",8 637,,
Bordeaux,33063,Gironde,Aquitaine,football,G. Bordeaux,2023,2,3,23,42115,"0,52","0,00",8 468,,
Montpellier,34172,Hérault,Languedoc-Roussillon,football,Montpellier,2022,1,13,13,22000,"0,49","0,00",7 737,,
Montpellier,34172,Hérault,Languedoc-Roussillon,football,Montpellier,2023,1,12,12,22000,"0,63","0,00",7 665,,
Rennes,35238,Îlle-et-Vilaine,Bretagne,football,Stade Rennais,2022,1,4,4,29778,"0,86","0,13",4 336,,
Rennes,35238,Îlle-et-Vilaine,Bretagne,football,Stade Rennais,2023,1,4,4,29778,"0,93","0,25",4 086,,
Grenoble,38185,Isère,Rhône-Alpes,football,Grenoble,2022,2,15,35,20068,"0,19","0,00",3 048,,
Grenoble,38185,Isère,Rhône-Alpes,football,Grenoble,2023,2,10,30,20068,"0,28","0,00",2 978,,
Saint-Étienne,42218,Loire,Rhône-Alpes,football,Saint-Étienne,2022,1,18,18,41965,"0,58","0,00",2 789,,
Saint-Étienne,42218,Loire,Rhône-Alpes,football,Saint-Étienne,2023,2,8,28,41965,"0,52","0,00",2 725,,
Nantes,44109,Loire-Atlantique,Pays de la Loire,football,FC Nantes,2022,1,9,9,35322,"0,58","0,00",6 522,,
Nantes,44109,Loire-Atlantique,Pays de la Loire,football,FC Nantes,2023,1,16,16,35322,"0,85","0,00",6 220,,
Angers,49007,Maine-et-Loire,Pays de la Loire,football,Angers SCO,2022,1,14,14,19350,"0,42","0,00",2 659,,
Angers,49007,Maine-et-Loire,Pays de la Loire,football,Angers SCO,2023,1,20,20,19350,"0,50","0,00",2 413,,
Reims,51454,Marne,Champagne-Ardenne,football,Stade de Reims,2022,1,12,12,20519,"0,57","0,00",3 329,,
Reims,51454,Marne,Champagne-Ardenne,football,Stade de Reims,2023,1,11,11,20519,"0,66","0,00",3 081,,
Laval,53130,Mayenne,Pays de la Loire,football,Stade Lavallois,2023,2,15,35,11107,"0,64","0,00",788,,
Nancy,54395,Meurthe-et-Moselle,Lorraine,football,AS Nancy,2022,2,20,40,20087,"0,26","0,00",1 815,,
Lorient,56121,Morbihan,Bretagne,football,FC Lorient,2022,1,16,16,16787,"0,76","0,00",876,,
Lorient,56121,Morbihan,Bretagne,football,FC Lorient,2023,1,10,10,16787,"0,89","0,00",857,,
Metz,57463,Moselle,Lorraine,football,FC Metz,2022,1,19,19,28786,"0,56","0,00",1 968,,
Metz,57463,Moselle,Lorraine,football,FC Metz,2023,2,2,22,28786,"0,55","0,00",1 984,,
Dunkerque,59183,Nord,Nord-Pas-de-Calais,football,USL Dunkerque,2022,2,19,39,4933,"0,46","0,00",1 027,,
Lille,59350,Nord,Nord-Pas-de-Calais,football,LOSC Lille,2022,1,10,10,50186,"0,69","0,13",6 147,,
Lille,59350,Nord,Nord-Pas-de-Calais,football,LOSC Lille,2023,1,5,5,50186,"0,72","0,00",5 803,,
Valenciennes,59606,Nord,Nord-Pas-de-Calais,football,Valenciennes FC,2022,2,16,36,25000,"0,29","0,00",653,,
Valenciennes,59606,Nord,Nord-Pas-de-Calais,football,Valenciennes FC,2023,2,16,36,25000,"0,32","0,00",664,,
Lens,62498,Pas-de-Calais,Nord-Pas-de-Calais,football,RC Lens,2022,1,7,7,38223,"0,85","0,00",438,,
Lens,62498,Pas-de-Calais,Nord-Pas-de-Calais,football,RC Lens,2023,1,2,2,38223,"0,99","0,00",434,,
Clermont-Ferrand,63113,Puy-de-Dôme,Auvergne,football,Clermont Foot,2022,1,17,17,13000,"0,81","0,00",2 416,,
Clermont-Ferrand,63113,Puy-de-Dôme,Auvergne,football,Clermont Foot,2023,1,8,8,13000,"0,87","0,00",2 299,,
Pau,64445,Pyrénées-Atlantiques,Aquitaine,football,Pau FC,2022,2,10,30,4144,"0,64","0,00",1 353,,
Strasbourg,67482,Bas-Rhin,Alsace,football,R. Strasbourg,2022,1,6,6,26109,"0,90","0,00",5 551,,
Strasbourg,67482,Bas-Rhin,Alsace,football,R. Strasbourg,2023,1,15,15,26109,"0,97","0,00",4 765,,
Lyon,69123,Rhône,Rhône-Alpes,football,Ol. Lyonnais,2022,1,8,8,59186,"0,61","0,13",14 381,,
Lyon,69123,Rhône,Rhône-Alpes,football,Ol. Lyonnais,2023,1,7,7,59186,"0,78","0,38",13 728,,
Annecy,74010,Haute-Savoie,Rhône-Alpes,football,FC Annecy,2023,2,17,37,13634,"0,50","0,00",2 508,,
Paris,75056,Paris,Île-de-France,football,Paris SG,2022,1,1,1,48583,"0,86","0,25",88 925,,
Paris,75056,Paris,Île-de-France,football,Paris FC,2022,2,4,24,20000,"0,15","0,00",88 925,,
Paris,75056,Paris,Île-de-France,football,Paris SG,2023,1,1,1,48583,"0,95","0,25",90 970,,
Paris,75056,Paris,Île-de-France,football,Paris FC,2023,2,7,27,20000,"0,20","0,00",90 970,,
Le Havre,76351,Seine-Maritime,Haute-Normandie,football,Le Havre AC,2022,2,8,28,25178,"0,24","0,00",2 150,,
Le Havre,76351,Seine-Maritime,Haute-Normandie,football,Le Havre AC,2023,2,1,21,25178,"0,50","0,00",2 042,,
Petit-Quevilly,76498,Seine-Maritime,Haute-Normandie,football,Quevilly Rouen,2022,2,18,38,8372,"0,38","0,00",293,,
Petit-Quevilly,76498,Seine-Maritime,Haute-Normandie,football,Quevilly Rouen,2023,2,11,31,8372,"0,46","0,00",335,,
Niort,79191,Deux-Sèvres,Poitou-Charentes,football,Chamois Niort,2022,2,13,33,10406,"0,19","0,00",716,,
Niort,79191,Deux-Sèvres,Poitou-Charentes,football,Chamois Niort,2023,2,20,40,10406,"0,25","0,00",698,,
Amiens,80021,Somme,Picardie,football,Amiens SC,2022,2,14,34,12999,"0,55","0,00",2 010,,
Amiens,80021,Somme,Picardie,football,Amiens SC,2023,2,12,32,12999,"0,58","0,00",1 939,,
Auxerre,89024,Yonne,Bourgogne,football,AJ Auxerre,2022,2,3,23,18541,"0,47","0,00",474,,
Auxerre,89024,Yonne,Bourgogne,football,AJ Auxerre,2023,1,17,17,18541,"0,84","0,00",468,,