ville,code_commune,departement,region,annee,score_sportif,score_economique
Paris,75056,Paris,Île-de-France,2 023,"1,000","0,427"
Marseille,13055,Bouches-du-Rhône,Provence-Alpes-Côte d'Azur,2 018,"0,962","0,567"
Paris,75056,Paris,Île-de-France,2 019,"0,951","0,967"
Paris,75056,Paris,Île-de-France,2 022,"0,939","0,417"
Paris,75056,Paris,Île-de-France,2 020,"0,934","0,957"
Paris,75056,Paris,Île-de-France,2 018,"0,902","0,927"
Paris,75056,Paris,Île-de-France,2 021,"0,870","1,000"
Marseille,13055,Bouches-du-Rhône,Provence-Alpes-Côte d'Azur,2 012,"0,855","0,546"
Paris,75056,Paris,Île-de-France,2 015,"0,810","0,816"
Saint-Etienne,42218,Loire,Rhône-Alpes,2 015,"0,806","0,552"
Paris,75056,Paris,Île-de-France,2 016,"0,806","0,857"
Marseille,13055,Bouches-du-Rhône,Provence-Alpes-Côte d'Azur,2 022,"0,805","0,107"
Paris,75056,Paris,Île-de-France,2 014,"0,791","0,796"
Paris,75056,Paris,Île-de-France,2 017,"0,789","0,886"
Marseille,13055,Bouches-du-Rhône,Provence-Alpes-Côte d'Azur,2 023,"0,771","0,090"
Lens,62498,Pas-de-Calais,Nord-Pas-de-Calais,2 023,"0,763","0,002"
Paris,75056,Paris,Île-de-France,2 013,"0,763","0,776"
Saint-raphaël,83118,Var,Provence-Alpes-Côte d'Azur,2 013,"0,758","0,537"
Lyon,69123,Rhône,Rhône-Alpes,2 012,"0,737","0,542"
Rennes,35238,Îlle-et-Vilaine,Bretagne,2 020,"0,730","0,541"
La Rochelle,17300,Charente-Maritime,Poitou-Charentes,2 021,"0,728","0,562"
Saint-Etienne,42218,Loire,Rhône-Alpes,2 014,"0,727","0,541"
Rennes,35238,Îlle-et-Vilaine,Bretagne,2 023,"0,721","0,019"
Toulon,83137,Var,Provence-Alpes-Côte d'Azur,2 014,"0,721","0,517"
Toulon,83137,Var,Provence-Alpes-Côte d'Azur,2 015,"0,717","0,522"
Marseille,13055,Bouches-du-Rhône,Provence-Alpes-Côte d'Azur,2 020,"0,717","0,581"
Levallois-perret,92044,Hauts-de-Seine,Île-de-France,2 022,"0,715","0,009"
Castres,81065,Tarn,Midi-Pyrénées,2 012,"0,708","0,521"
Marseille,13055,Bouches-du-Rhône,Provence-Alpes-Côte d'Azur,2 013,"0,707","0,552"
Lyon,69123,Rhône,Rhône-Alpes,2 019,"0,703","0,606"
Toulon,83137,Var,Provence-Alpes-Côte d'Azur,2 012,"0,702","0,503"
Lyon,69123,Rhône,Rhône-Alpes,2 023,"0,697","0,064"
Dunkerque,59183,Nord,Nord-Pas-de-Calais,2 012,"0,696","0,516"
La Rochelle,17300,Charente-Maritime,Poitou-Charentes,2 022,"0,688","0,007"
Montpellier,34172,Hérault,Languedoc-Roussillon,2 012,"0,686","0,531"
Castres,81065,Tarn,Midi-Pyrénées,2 022,"0,685","0,002"
Marseille,13055,Bouches-du-Rhône,Provence-Alpes-Côte d'Azur,2 015,"0,684","0,555"
Rennes,35238,Îlle-et-Vilaine,Bretagne,2 022,"0,680","0,020"
Saint-Etienne,42218,Loire,Rhône-Alpes,2 019,"0,676","0,553"
Marseille,13055,Bouches-du-Rhône,Provence-Alpes-Côte d'Azur,2 019,"0,674","0,582"
Gap,05061,Hautes-Alpes,Provence-Alpes-Côte d'Azur,2 016,"0,674","0,507"
Gap,05061,Hautes-Alpes,Provence-Alpes-Côte d'Azur,2 017,"0,674","0,503"
Lyon,69123,Rhône,Rhône-Alpes,2 015,"0,668","0,569"
Lyon,69123,Rhône,Rhône-Alpes,2 018,"0,667","0,592"
La Rochelle,17300,Charente-Maritime,Poitou-Charentes,2 020,"0,666","0,560"
Lyon,69123,Rhône,Rhône-Alpes,2 014,"0,665","0,558"
La Rochelle,17300,Charente-Maritime,Poitou-Charentes,2 023,"0,664","0,007"
Levallois-perret,92044,Hauts-de-Seine,Île-de-France,2 021,"0,663","0,659"
Marseille,13055,Bouches-du-Rhône,Provence-Alpes-Côte d'Azur,2 021,"0,661","0,602"
Lens,62498,Pas-de-Calais,Nord-Pas-de-Calais,2 022,"0,661","0,002"
Lyon,69123,Rhône,Rhône-Alpes,2 013,"0,659","0,550"
Paris,75056,Paris,Île-de-France,2 012,"0,659","0,772"
Marseille,13055,Bouches-du-Rhône,Provence-Alpes-Côte d'Azur,2 014,"0,657","0,552"
Lorient,56121,Morbihan,Bretagne,2 014,"0,655","0,528"
Lorient,56121,Morbihan,Bretagne,2 013,"0,655","0,513"
Montpellier,34172,Hérault,Languedoc-Roussillon,2 018,"0,654","0,565"
Saint-Etienne,42218,Loire,Rhône-Alpes,2 016,"0,652","0,550"
Thonon-les-Bains,74281,Haute-Savoie,Rhône-Alpes,2 012,"0,650","0,506"
Lyon,69123,Rhône,Rhône-Alpes,2 016,"0,645","0,574"
Toulon,83137,Var,Provence-Alpes-Côte d'Azur,2 013,"0,644","0,514"
La Rochelle,17300,Charente-Maritime,Poitou-Charentes,2 017,"0,642","0,564"
Toulouse,31555,Haute-Garonne,Midi-Pyrénées,2 012,"0,637","0,553"
Saint-Etienne,42218,Loire,Rhône-Alpes,2 013,"0,637","0,532"
Marseille,13055,Bouches-du-Rhône,Provence-Alpes-Côte d'Azur,2 017,"0,634","0,558"
Gap,05061,Hautes-Alpes,Provence-Alpes-Côte d'Azur,2 018,"0,630","0,506"
Saint-Etienne,42218,Loire,Rhône-Alpes,2 018,"0,628","0,549"
Toulon,83137,Var,Provence-Alpes-Côte d'Azur,2 017,"0,625","0,518"
Toulon,83137,Var,Provence-Alpes-Côte d'Azur,2 016,"0,624","0,525"
Lorient,56121,Morbihan,Bretagne,2 023,"0,622","0,004"
Lyon,69123,Rhône,Rhône-Alpes,2 020,"0,621","0,601"
Nice,06088,Alpes-Maritimes,Provence-Alpes-Côte d'Azur,2 017,"0,619","0,540"
Clermont-Ferrand,63113,Puy-de-Dôme,Auvergne,2 023,"0,617","0,011"
Saint-raphaël,83118,Var,Provence-Alpes-Côte d'Azur,2 016,"0,616","0,561"
Montpellier,34172,Hérault,Languedoc-Roussillon,2 015,"0,614","0,554"
Montpellier,34172,Hérault,Languedoc-Roussillon,2 019,"0,614","0,577"
Toulon,83137,Var,Provence-Alpes-Côte d'Azur,2 018,"0,613","0,519"
Lyon,69123,Rhône,Rhône-Alpes,2 022,"0,609","0,067"
Saint-Etienne,42218,Loire,Rhône-Alpes,2 017,"0,609","0,549"
Rennes,35238,Îlle-et-Vilaine,Bretagne,2 018,"0,608","0,542"
Marseille,13055,Bouches-du-Rhône,Provence-Alpes-Côte d'Azur,2 016,"0,608","0,555"
Guingamp,22070,Côtes d'Armor,Bretagne,2 015,"0,608","0,554"
Lille,59350,Nord,Nord-Pas-de-Calais,2 020,"0,608","0,559"
Nice,06088,Alpes-Maritimes,Provence-Alpes-Côte d'Azur,2 018,"0,607","0,542"
Guingamp,22070,Côtes d'Armor,Bretagne,2 017,"0,606","0,556"
Levallois-perret,92044,Hauts-de-Seine,Île-de-France,2 014,"0,606","0,613"
Brive-la-Gaillarde,19031,Corrèze,Limousin,2 017,"0,604","0,515"
Lille,59350,Nord,Nord-Pas-de-Calais,2 019,"0,603","0,563"
Lyon,69123,Rhône,Rhône-Alpes,2 017,"0,603","0,584"
Castres,81065,Tarn,Midi-Pyrénées,2 013,"0,601","0,531"
Montpellier,34172,Hérault,Languedoc-Roussillon,2 020,"0,600","0,573"
Montpellier,34172,Hérault,Languedoc-Roussillon,2 013,"0,599","0,540"
Lille,59350,Nord,Nord-Pas-de-Calais,2 014,"0,599","0,527"
Lille,59350,Nord,Nord-Pas-de-Calais,2 023,"0,599","0,027"
Saint-Etienne,42218,Loire,Rhône-Alpes,2 012,"0,599","0,516"
Toulouse,31555,Haute-Garonne,Midi-Pyrénées,2 023,"0,595","0,053"
Reims,51454,Marne,Champagne-Ardenne,2 020,"0,594","0,546"
Rennes,35238,Îlle-et-Vilaine,Bretagne,2 021,"0,593","0,548"
Rennes,35238,Îlle-et-Vilaine,Bretagne,2 012,"0,593","0,497"
Cholet,49099,Maine-et-Loire,Pays de la Loire,2 012,"0,593","0,502"
Rennes,35238,Îlle-et-Vilaine,Bretagne,2 016,"0,592","0,532"
Bastia,2B033,Haute-Corse,Corse,2 016,"0,587","0,466"
Briançon,05023,Hautes-Alpes,Provence-Alpes-Côte d'Azur,2 015,"0,585","0,426"
Lille,59350,Nord,Nord-Pas-de-Calais,2 012,"0,584","0,510"
Chalon-sur-saône,71076,Saône-et-Loire,Bourgogne,2 017,"0,582","0,552"
Chalon-sur-saône,71076,Saône-et-Loire,Bourgogne,2 012,"0,582","0,529"
Levallois-perret,92044,Hauts-de-Seine,Île-de-France,2 023,"0,582","0,008"
Toulouse,31555,Haute-Garonne,Midi-Pyrénées,2 013,"0,581","0,566"
Castres,81065,Tarn,Midi-Pyrénées,2 016,"0,581","0,537"
Castres,81065,Tarn,Midi-Pyrénées,2 014,"0,581","0,536"
La Rochelle,17300,Charente-Maritime,Poitou-Charentes,2 019,"0,581","0,569"
Lille,59350,Nord,Nord-Pas-de-Calais,2 013,"0,580","0,518"
Toulouse,31555,Haute-Garonne,Midi-Pyrénées,2 014,"0,580","0,577"
Epinal,88160,Vosges,Lorraine,2 016,"0,577","0,570"
Briançon,05023,Hautes-Alpes,Provence-Alpes-Côte d'Azur,2 014,"0,577","0,427"
Saint-raphaël,83118,Var,Provence-Alpes-Côte d'Azur,2 017,"0,575","0,548"
Brest,29019,Finistère,Bretagne,2 022,"0,574","0,008"
Guingamp,22070,Côtes d'Armor,Bretagne,2 018,"0,573","0,526"
Nice,06088,Alpes-Maritimes,Provence-Alpes-Côte d'Azur,2 022,"0,573","0,048"
Bastia,2B033,Haute-Corse,Corse,2 015,"0,571","0,469"
Rennes,35238,Îlle-et-Vilaine,Bretagne,2 015,"0,571","0,526"
Reims,51454,Marne,Champagne-Ardenne,2 019,"0,569","0,548"
Lille,59350,Nord,Nord-Pas-de-Calais,2 016,"0,566","0,545"
Montpellier,34172,Hérault,Languedoc-Roussillon,2 016,"0,565","0,559"
Brive-la-Gaillarde,19031,Corrèze,Limousin,2 015,"0,563","0,510"
Rennes,35238,Îlle-et-Vilaine,Bretagne,2 017,"0,563","0,534"
Thonon-les-Bains,74281,Haute-Savoie,Rhône-Alpes,2 014,"0,563","0,537"
Brive-la-Gaillarde,19031,Corrèze,Limousin,2 016,"0,561","0,511"
La Rochelle,17300,Charente-Maritime,Poitou-Charentes,2 018,"0,561","0,564"
Bastia,2B033,Haute-Corse,Corse,2 013,"0,560","0,454"
Castres,81065,Tarn,Midi-Pyrénées,2 017,"0,559","0,535"
Montpellier,34172,Hérault,Languedoc-Roussillon,2 022,"0,558","0,036"
Saint-raphaël,83118,Var,Provence-Alpes-Côte d'Azur,2 015,"0,558","0,552"
Saint-raphaël,83118,Var,Provence-Alpes-Côte d'Azur,2 012,"0,558","0,526"
Valenciennes,59606,Nord,Nord-Pas-de-Calais,2 013,"0,557","0,538"
Gap,05061,Hautes-Alpes,Provence-Alpes-Côte d'Azur,2 015,"0,555","0,504"
Briançon,05023,Hautes-Alpes,Provence-Alpes-Côte d'Azur,2 013,"0,555","0,430"
Chamonix,74056,Haute-Savoie,Rhône-Alpes,2 012,"0,555","0,381"
Chalon-sur-saône,71076,Saône-et-Loire,Bourgogne,2 014,"0,554","0,552"
Lyon,69123,Rhône,Rhône-Alpes,2 021,"0,553","0,612"
Brest,29019,Finistère,Bretagne,2 020,"0,551","0,524"
Nice,06088,Alpes-Maritimes,Provence-Alpes-Côte d'Azur,2 016,"0,551","0,538"
Montpellier,34172,Hérault,Languedoc-Roussillon,2 017,"0,549","0,564"
Chambéry,73065,Savoie,Rhône-Alpes,2 012,"0,548","0,478"
Nice,06088,Alpes-Maritimes,Provence-Alpes-Côte d'Azur,2 020,"0,548","0,550"
Levallois-perret,92044,Hauts-de-Seine,Île-de-France,2 020,"0,548","0,643"
Chalon-sur-saône,71076,Saône-et-Loire,Bourgogne,2 016,"0,548","0,567"
Chalon-sur-saône,71076,Saône-et-Loire,Bourgogne,2 013,"0,548","0,539"
Rennes,35238,Îlle-et-Vilaine,Bretagne,2 019,"0,547","0,549"
Strasbourg,67482,Bas-Rhin,Alsace,2 016,"0,547","0,536"
Amiens,80021,Somme,Picardie,2 018,"0,545","0,535"
Lille,59350,Nord,Nord-Pas-de-Calais,2 015,"0,542","0,536"
Valenciennes,59606,Nord,Nord-Pas-de-Calais,2 012,"0,542","0,524"
Brive-la-Gaillarde,19031,Corrèze,Limousin,2 014,"0,541","0,495"
Castres,81065,Tarn,Midi-Pyrénées,2 019,"0,539","0,538"
Castres,81065,Tarn,Midi-Pyrénées,2 018,"0,539","0,533"
Brest,29019,Finistère,Bretagne,2 023,"0,538","0,008"
Amiens,80021,Somme,Picardie,2 019,"0,538","0,539"
Lille,59350,Nord,Nord-Pas-de-Calais,2 021,"0,538","0,558"
Saint-raphaël,83118,Var,Provence-Alpes-Côte d'Azur,2 018,"0,537","0,552"
Montpellier,34172,Hérault,Languedoc-Roussillon,2 023,"0,537","0,036"
Lille,59350,Nord,Nord-Pas-de-Calais,2 022,"0,536","0,029"
Nice,06088,Alpes-Maritimes,Provence-Alpes-Côte d'Azur,2 019,"0,535","0,550"
Montpellier,34172,Hérault,Languedoc-Roussillon,2 014,"0,535","0,543"
Nîmes,30189,Gard,Languedoc-Roussillon,2 019,"0,534","0,546"
Gap,05061,Hautes-Alpes,Provence-Alpes-Côte d'Azur,2 021,"0,533","0,501"
Briançon,05023,Hautes-Alpes,Provence-Alpes-Côte d'Azur,2 012,"0,533","0,415"
Chamonix,74056,Haute-Savoie,Rhône-Alpes,2 013,"0,533","0,384"
Cergy-Pontoise,95127,Val d'Oise,Île-de-France,2 023,"0,533","0,008"
Cergy-Pontoise,95127,Val d'Oise,Île-de-France,2 022,"0,533","0,008"
Brest,29019,Finistère,Bretagne,2 012,"0,532","0,498"
Roanne,42187,Loire,Rhône-Alpes,2 013,"0,531","0,524"
Rennes,35238,Îlle-et-Vilaine,Bretagne,2 014,"0,529","0,517"
Lens,62498,Pas-de-Calais,Nord-Pas-de-Calais,2 021,"0,529","0,585"
Sochaux,25547,Doubs,Franche-Comté,2 012,"0,526","0,625"
Toulouse,31555,Haute-Garonne,Midi-Pyrénées,2 019,"0,524","0,593"
Dunkerque,59183,Nord,Nord-Pas-de-Calais,2 013,"0,523","0,532"
Toulon,83137,Var,Provence-Alpes-Côte d'Azur,2 020,"0,523","0,518"
Nantes,44109,Loire-Atlantique,Pays de la Loire,2 017,"0,522","0,575"
Montpellier,34172,Hérault,Languedoc-Roussillon,2 021,"0,522","0,576"
Lorient,56121,Morbihan,Bretagne,2 012,"0,522","0,497"
Brive-la-Gaillarde,19031,Corrèze,Limousin,2 022,"0,522","0,003"
Brive-la-Gaillarde,19031,Corrèze,Limousin,2 021,"0,521","0,510"
Brive-la-Gaillarde,19031,Corrèze,Limousin,2 020,"0,521","0,504"
Reims,51454,Marne,Champagne-Ardenne,2 014,"0,521","0,526"
Levallois-perret,92044,Hauts-de-Seine,Île-de-France,2 018,"0,520","0,644"
Biarritz,64122,Pyrénées-Atlantiques,Aquitaine,2 012,"0,519","0,529"
Thonon-les-Bains,74281,Haute-Savoie,Rhône-Alpes,2 013,"0,519","0,515"
Castres,81065,Tarn,Midi-Pyrénées,2 021,"0,518","0,536"
Lorient,56121,Morbihan,Bretagne,2 015,"0,517","0,538"
Guingamp,22070,Côtes d'Armor,Bretagne,2 014,"0,515","0,551"
Clermont-Ferrand,63113,Puy-de-Dôme,Auvergne,2 022,"0,515","0,011"
Levallois-perret,92044,Hauts-de-Seine,Île-de-France,2 017,"0,514","0,633"
Levallois-perret,92044,Hauts-de-Seine,Île-de-France,2 012,"0,514","0,594"
Rennes,35238,Îlle-et-Vilaine,Bretagne,2 013,"0,513","0,508"
Lorient,56121,Morbihan,Bretagne,2 016,"0,512","0,536"
Guingamp,22070,Côtes d'Armor,Bretagne,2 016,"0,512","0,551"
Nantes,44109,Loire-Atlantique,Pays de la Loire,2 018,"0,512","0,577"
Chambéry,73065,Savoie,Rhône-Alpes,2 013,"0,512","0,491"
Cergy-Pontoise,95127,Val d'Oise,Île-de-France,2 021,"0,510","0,520"
Gap,05061,Hautes-Alpes,Provence-Alpes-Côte d'Azur,2 019,"0,510","0,508"
Gap,05061,Hautes-Alpes,Provence-Alpes-Côte d'Azur,2 023,"0,510","0,003"
Nice,06088,Alpes-Maritimes,Provence-Alpes-Côte d'Azur,2 013,"0,509","0,517"
Dunkerque,59183,Nord,Nord-Pas-de-Calais,2 014,"0,507","0,543"
Lorient,56121,Morbihan,Bretagne,2 022,"0,506","0,004"
Auxerre,89024,Yonne,Bourgogne,2 023,"0,506","0,002"
Dijon,21231,Côte-d'Or,Bourgogne,2 018,"0,505","0,530"
Sochaux,25547,Doubs,Franche-Comté,2 013,"0,505","0,625"
Nancy,54395,Meurthe-et-Moselle,Lorraine,2 012,"0,504","0,503"
Nice,06088,Alpes-Maritimes,Provence-Alpes-Côte d'Azur,2 023,"0,504","0,045"
Lille,59350,Nord,Nord-Pas-de-Calais,2 017,"0,504","0,547"
Toulouse,31555,Haute-Garonne,Midi-Pyrénées,2 017,"0,504","0,578"
Reims,51454,Marne,Champagne-Ardenne,2 023,"0,504","0,014"
Metz,57463,Moselle,Lorraine,2 017,"0,500","0,532"
Toulouse,31555,Haute-Garonne,Midi-Pyrénées,2 018,"0,499","0,580"
Toulouse,31555,Haute-Garonne,Midi-Pyrénées,2 015,"0,498","0,579"
Reims,51454,Marne,Champagne-Ardenne,2 013,"0,497","0,516"
Chambéry,73065,Savoie,Rhône-Alpes,2 019,"0,497","0,521"
Perpignan,66136,Pyrénées-Orientales,Languedoc-Roussillon,2 013,"0,497","0,547"
Portel,62667,Pas-de-Calais,Nord-Pas-de-Calais,2 017,"0,496","0,580"
Roanne,42187,Loire,Rhône-Alpes,2 012,"0,496","0,513"
Saint-raphaël,83118,Var,Provence-Alpes-Côte d'Azur,2 014,"0,496","0,535"
Thonon-les-Bains,74281,Haute-Savoie,Rhône-Alpes,2 015,"0,494","0,552"
Toulouse,31555,Haute-Garonne,Midi-Pyrénées,2 016,"0,492","0,581"
Toulon,83137,Var,Provence-Alpes-Côte d'Azur,2 023,"0,492","0,014"
Amiens,80021,Somme,Picardie,2 020,"0,490","0,551"
Metz,57463,Moselle,Lorraine,2 021,"0,490","0,527"
Metz,57463,Moselle,Lorraine,2 020,"0,489","0,528"
Chamonix,74056,Haute-Savoie,Rhône-Alpes,2 015,"0,488","0,408"
Morzine,74191,Haute-Savoie,Rhône-Alpes,2 012,"0,488","0,366"
Gap,05061,Hautes-Alpes,Provence-Alpes-Côte d'Azur,2 022,"0,488","0,003"
Reims,51454,Marne,Champagne-Ardenne,2 015,"0,486","0,536"
Reims,51454,Marne,Champagne-Ardenne,2 022,"0,486","0,015"
Chalon-sur-saône,71076,Saône-et-Loire,Bourgogne,2 015,"0,479","0,565"
Ajaccio,2A004,Corse-du-Sud,Corse,2 012,"0,479","0,449"
Chambéry,73065,Savoie,Rhône-Alpes,2 015,"0,478","0,504"
Chambéry,73065,Savoie,Rhône-Alpes,2 023,"0,478","0,005"
Castres,81065,Tarn,Midi-Pyrénées,2 020,"0,477","0,530"
Bayonne,64102,Pyrénées-Atlantiques,Aquitaine,2 014,"0,477","0,495"
La Rochelle,17300,Charente-Maritime,Poitou-Charentes,2 016,"0,477","0,562"
Biarritz,64122,Pyrénées-Atlantiques,Aquitaine,2 013,"0,477","0,551"
Castres,81065,Tarn,Midi-Pyrénées,2 023,"0,477","0,002"
Toulon,83137,Var,Provence-Alpes-Côte d'Azur,2 021,"0,476","0,526"
Saint-raphaël,83118,Var,Provence-Alpes-Côte d'Azur,2 019,"0,475","0,558"
Sélestat,67462,Bas-Rhin,Alsace,2 012,"0,475","0,500"
Saint-raphaël,83118,Var,Provence-Alpes-Côte d'Azur,2 023,"0,475","0,004"
Limoges,87085,Haute-Vienne,Limousin,2 022,"0,473","0,008"
Limoges,87085,Haute-Vienne,Limousin,2 018,"0,471","0,533"
Nantes,44109,Loire-Atlantique,Pays de la Loire,2 019,"0,469","0,588"
Troyes,10387,Aube,Champagne-Ardenne,2 022,"0,468","0,004"
Sochaux,25547,Doubs,Franche-Comté,2 014,"0,468","0,622"
Ajaccio,2A004,Corse-du-Sud,Corse,2 023,"0,468","0,005"
Dunkerque,59183,Nord,Nord-Pas-de-Calais,2 015,"0,468","0,552"
Toulouse,31555,Haute-Garonne,Midi-Pyrénées,2 022,"0,467","0,053"
Gap,05061,Hautes-Alpes,Provence-Alpes-Côte d'Azur,2 020,"0,466","0,502"
Villard-de-Lans,38548,Isère,Rhône-Alpes,2 014,"0,466","0,452"
Morzine,74191,Haute-Savoie,Rhône-Alpes,2 013,"0,466","0,374"
Chamonix,74056,Haute-Savoie,Rhône-Alpes,2 022,"0,466","0,002"
Limoges,87085,Haute-Vienne,Limousin,2 019,"0,465","0,537"
Levallois-perret,92044,Hauts-de-Seine,Île-de-France,2 015,"0,465","0,627"
Toulouse,31555,Haute-Garonne,Midi-Pyrénées,2 020,"0,465","0,587"
Lorient,56121,Morbihan,Bretagne,2 017,"0,464","0,552"
Limoges,87085,Haute-Vienne,Limousin,2 015,"0,464","0,535"
Nîmes,30189,Gard,Languedoc-Roussillon,2 020,"0,461","0,545"
Toulon,83137,Var,Provence-Alpes-Côte d'Azur,2 019,"0,461","0,526"
Nice,06088,Alpes-Maritimes,Provence-Alpes-Côte d'Azur,2 015,"0,460","0,535"
Chambéry,73065,Savoie,Rhône-Alpes,2 017,"0,460","0,517"
Chambéry,73065,Savoie,Rhône-Alpes,2 016,"0,460","0,510"
Chambéry,73065,Savoie,Rhône-Alpes,2 022,"0,460","0,005"
Brive-la-Gaillarde,19031,Corrèze,Limousin,2 019,"0,460","0,518"
Saint-Etienne,42218,Loire,Rhône-Alpes,2 020,"0,458","0,556"
Nantes,44109,Loire-Atlantique,Pays de la Loire,2 022,"0,457","0,030"
Saint-Etienne,42218,Loire,Rhône-Alpes,2 021,"0,456","0,557"
Nantes,44109,Loire-Atlantique,Pays de la Loire,2 020,"0,455","0,582"
La Rochelle,17300,Charente-Maritime,Poitou-Charentes,2 015,"0,455","0,566"
Saint-raphaël,83118,Var,Provence-Alpes-Côte d'Azur,2 020,"0,454","0,555"
Saint-raphaël,83118,Var,Provence-Alpes-Côte d'Azur,2 021,"0,454","0,554"
Sélestat,67462,Bas-Rhin,Alsace,2 013,"0,454","0,505"
Bayonne,64102,Pyrénées-Atlantiques,Aquitaine,2 013,"0,454","0,489"
Bayonne,64102,Pyrénées-Atlantiques,Aquitaine,2 023,"0,454","0,005"
Saint-raphaël,83118,Var,Provence-Alpes-Côte d'Azur,2 022,"0,454","0,004"
Cholet,49099,Maine-et-Loire,Pays de la Loire,2 022,"0,453","0,003"
Guingamp,22070,Côtes d'Armor,Bretagne,2 019,"0,452","0,527"
Strasbourg,67482,Bas-Rhin,Alsace,2 015,"0,452","0,535"
Dijon,21231,Côte-d'Or,Bourgogne,2 019,"0,451","0,534"
Cholet,49099,Maine-et-Loire,Pays de la Loire,2 020,"0,450","0,525"
Cholet,49099,Maine-et-Loire,Pays de la Loire,2 023,"0,449","0,003"
Dunkerque,59183,Nord,Nord-Pas-de-Calais,2 016,"0,448","0,563"
Troyes,10387,Aube,Champagne-Ardenne,2 013,"0,445","0,543"
Boulazac,24053,Dordogne,Aquitaine,2 019,"0,445","0,496"
Nantes,44109,Loire-Atlantique,Pays de la Loire,2 016,"0,444","0,573"
Epinal,88160,Vosges,Lorraine,2 015,"0,444","0,572"
Epinal,88160,Vosges,Lorraine,2 017,"0,444","0,559"
Epinal,88160,Vosges,Lorraine,2 014,"0,444","0,555"
Gap,05061,Hautes-Alpes,Provence-Alpes-Côte d'Azur,2 013,"0,444","0,469"
Chamonix,74056,Haute-Savoie,Rhône-Alpes,2 020,"0,444","0,432"
Chamonix,74056,Haute-Savoie,Rhône-Alpes,2 019,"0,444","0,431"
Toulon,83137,Var,Provence-Alpes-Côte d'Azur,2 022,"0,444","0,014"
Nantes,44109,Loire-Atlantique,Pays de la Loire,2 015,"0,443","0,570"
Limoges,87085,Haute-Vienne,Limousin,2 021,"0,443","0,535"
Saint-Etienne,42218,Loire,Rhône-Alpes,2 022,"0,442","0,013"
Bordeaux,33063,Gironde,Aquitaine,2 014,"0,442","0,549"
Dijon,21231,Côte-d'Or,Bourgogne,2 020,"0,441","0,532"
Brest,29019,Finistère,Bretagne,2 013,"0,441","0,514"
Nice,06088,Alpes-Maritimes,Provence-Alpes-Côte d'Azur,2 021,"0,440","0,557"
Nîmes,30189,Gard,Languedoc-Roussillon,2 021,"0,439","0,543"
Dijon,21231,Côte-d'Or,Bourgogne,2 012,"0,439","0,006"
Metz,57463,Moselle,Lorraine,2 015,"0,438","0,533"
Cholet,49099,Maine-et-Loire,Pays de la Loire,2 013,"0,438","0,516"
Brive-la-Gaillarde,19031,Corrèze,Limousin,2 018,"0,438","0,513"
Brive-la-Gaillarde,19031,Corrèze,Limousin,2 023,"0,438","0,003"
Bayonne,64102,Pyrénées-Atlantiques,Aquitaine,2 015,"0,437","0,500"
Brive-la-Gaillarde,19031,Corrèze,Limousin,2 012,"0,437","0,461"
Reims,51454,Marne,Champagne-Ardenne,2 016,"0,436","0,540"
Tremblay-en-france,93073,Seine-Saint-Denis,Île-de-France,2 019,"0,434","0,538"
Ivry,94041,Val-de-Marne,Île-de-France,2 017,"0,434","0,504"
Ivry,94041,Val-de-Marne,Île-de-France,2 012,"0,434","0,494"
Bayonne,64102,Pyrénées-Atlantiques,Aquitaine,2 020,"0,434","0,484"
Lille,59350,Nord,Nord-Pas-de-Calais,2 018,"0,432","0,555"
Toulouse,31555,Haute-Garonne,Midi-Pyrénées,2 021,"0,432","0,587"
Dunkerque,59183,Nord,Nord-Pas-de-Calais,2 023,"0,431","0,004"
Troyes,10387,Aube,Champagne-Ardenne,2 018,"0,431","0,582"
Limoges,87085,Haute-Vienne,Limousin,2 020,"0,430","0,535"
Portel,62667,Pas-de-Calais,Nord-Pas-de-Calais,2 018,"0,428","0,546"
Roanne,42187,Loire,Rhône-Alpes,2 023,"0,428","0,002"
Valenciennes,59606,Nord,Nord-Pas-de-Calais,2 014,"0,425","0,541"
Auxerre,89024,Yonne,Bourgogne,2 012,"0,425","0,502"
Metz,57463,Moselle,Lorraine,2 022,"0,423","0,009"
Lens,62498,Pas-de-Calais,Nord-Pas-de-Calais,2 014,"0,423","0,584"
Nantes,44109,Loire-Atlantique,Pays de la Loire,2 023,"0,423","0,029"
Chambéry,73065,Savoie,Rhône-Alpes,2 021,"0,423","0,516"
Limoges,87085,Haute-Vienne,Limousin,2 016,"0,423","0,534"
Bastia,2B033,Haute-Corse,Corse,2 017,"0,423","0,451"
Nantes,44109,Loire-Atlantique,Pays de la Loire,2 014,"0,422","0,560"
Anglet,64024,Pyrénées-Atlantiques,Aquitaine,2 020,"0,422","0,544"
Chamonix,74056,Haute-Savoie,Rhône-Alpes,2 014,"0,422","0,392"
Chamonix,74056,Haute-Savoie,Rhône-Alpes,2 023,"0,422","0,002"
Reims,51454,Marne,Champagne-Ardenne,2 021,"0,420","0,549"
Lorient,56121,Morbihan,Bretagne,2 021,"0,420","0,534"
Chambéry,73065,Savoie,Rhône-Alpes,2 020,"0,420","0,520"
Troyes,10387,Aube,Champagne-Ardenne,2 016,"0,417","0,588"
Dunkerque,59183,Nord,Nord-Pas-de-Calais,2 017,"0,417","0,579"
Bordeaux,33063,Gironde,Aquitaine,2 012,"0,417","0,527"
Clermont-Ferrand,63113,Puy-de-Dôme,Auvergne,2 012,"0,416","0,494"
Ajaccio,2A004,Corse-du-Sud,Corse,2 014,"0,415","0,457"
Bordeaux,33063,Gironde,Aquitaine,2 018,"0,415","0,576"
Dijon,21231,Côte-d'Or,Bourgogne,2 017,"0,415","0,522"
Perpignan,66136,Pyrénées-Orientales,Languedoc-Roussillon,2 012,"0,414","0,532"
Agen,47001,Lot-et-Garonne,Aquitaine,2 012,"0,413","0,516"
Ivry,94041,Val-de-Marne,Île-de-France,2 018,"0,413","0,507"
Ivry,94041,Val-de-Marne,Île-de-France,2 013,"0,413","0,495"
Levallois-perret,92044,Hauts-de-Seine,Île-de-France,2 019,"0,411","0,647"
Levallois-perret,92044,Hauts-de-Seine,Île-de-France,2 013,"0,411","0,600"
Chalon-sur-saône,71076,Saône-et-Loire,Bourgogne,2 018,"0,411","0,555"
Antibes,06004,Alpes-Maritimes,Provence-Alpes-Côte d'Azur,2 016,"0,411","0,546"
Chalon-sur-saône,71076,Saône-et-Loire,Bourgogne,2 020,"0,411","0,544"
Portel,62667,Pas-de-Calais,Nord-Pas-de-Calais,2 023,"0,411","0,000"
Troyes,10387,Aube,Champagne-Ardenne,2 023,"0,411","0,004"
Strasbourg,67482,Bas-Rhin,Alsace,2 014,"0,407","0,537"
Bordeaux,33063,Gironde,Aquitaine,2 013,"0,406","0,538"
Bordeaux,33063,Gironde,Aquitaine,2 017,"0,406","0,568"
Chambéry,73065,Savoie,Rhône-Alpes,2 014,"0,405","0,493"
Lens,62498,Pas-de-Calais,Nord-Pas-de-Calais,2 020,"0,403","0,596"
Nice,06088,Alpes-Maritimes,Provence-Alpes-Côte d'Azur,2 014,"0,402","0,525"
Strasbourg,67482,Bas-Rhin,Alsace,2 021,"0,401","0,546"
Aix-en-Provence,13001,Bouches-du-Rhône,Provence-Alpes-Côte d'Azur,2 022,"0,401","0,017"
Metz,57463,Moselle,Lorraine,2 018,"0,401","0,534"
Bastia,2B033,Haute-Corse,Corse,2 012,"0,400","0,433"
Anglet,64024,Pyrénées-Atlantiques,Aquitaine,2 021,"0,399","0,553"
Epinal,88160,Vosges,Lorraine,2 018,"0,399","0,545"
Epinal,88160,Vosges,Lorraine,2 012,"0,399","0,523"
Chamonix,74056,Haute-Savoie,Rhône-Alpes,2 016,"0,399","0,413"
Villard-de-Lans,38548,Isère,Rhône-Alpes,2 013,"0,399","0,411"
Morzine,74191,Haute-Savoie,Rhône-Alpes,2 015,"0,399","0,389"
Anglet,64024,Pyrénées-Atlantiques,Aquitaine,2 022,"0,399","0,004"
Anglet,64024,Pyrénées-Atlantiques,Aquitaine,2 023,"0,399","0,004"
Nîmes,30189,Gard,Languedoc-Roussillon,2 018,"0,397","0,541"
Brive-la-Gaillarde,19031,Corrèze,Limousin,2 013,"0,396","0,480"
Nancy,54395,Meurthe-et-Moselle,Lorraine,2 013,"0,396","0,514"
Biarritz,64122,Pyrénées-Atlantiques,Aquitaine,2 014,"0,395","0,553"
Amiens,80021,Somme,Picardie,2 017,"0,394","0,527"
Bordeaux,33063,Gironde,Aquitaine,2 015,"0,394","0,559"
Perpignan,66136,Pyrénées-Orientales,Languedoc-Roussillon,2 014,"0,394","0,557"
Bordeaux,33063,Gironde,Aquitaine,2 020,"0,394","0,576"
Portel,62667,Pas-de-Calais,Nord-Pas-de-Calais,2 021,"0,394","0,569"
Poitiers,86194,Vienne,Poitou-Charentes,2 012,"0,394","0,486"
Roanne,42187,Loire,Rhône-Alpes,2 022,"0,394","0,002"
Castres,81065,Tarn,Midi-Pyrénées,2 015,"0,393","0,536"
Bayonne,64102,Pyrénées-Atlantiques,Aquitaine,2 012,"0,393","0,483"
Brest,29019,Finistère,Bretagne,2 021,"0,393","0,518"
Nice,06088,Alpes-Maritimes,Provence-Alpes-Côte d'Azur,2 012,"0,393","0,508"
Nancy,54395,Meurthe-et-Moselle,Lorraine,2 015,"0,393","0,532"
Tremblay-en-france,93073,Seine-Saint-Denis,Île-de-France,2 018,"0,393","0,535"
Agen,47001,Lot-et-Garonne,Aquitaine,2 018,"0,393","0,535"
Tremblay-en-france,93073,Seine-Saint-Denis,Île-de-France,2 015,"0,393","0,524"
Sélestat,67462,Bas-Rhin,Alsace,2 014,"0,393","0,518"
Ivry,94041,Val-de-Marne,Île-de-France,2 016,"0,393","0,505"
Tremblay-en-france,93073,Seine-Saint-Denis,Île-de-France,2 012,"0,393","0,495"
Cholet,49099,Maine-et-Loire,Pays de la Loire,2 017,"0,392","0,534"
Lens,62498,Pas-de-Calais,Nord-Pas-de-Calais,2 015,"0,388","0,603"
Nancy,54395,Meurthe-et-Moselle,Lorraine,2 014,"0,388","0,522"
Dunkerque,59183,Nord,Nord-Pas-de-Calais,2 018,"0,387","0,585"
Chambéry,73065,Savoie,Rhône-Alpes,2 018,"0,386","0,519"
Clermont-Ferrand,63113,Puy-de-Dôme,Auvergne,2 021,"0,386","0,528"
Angers,49007,Maine-et-Loire,Pays de la Loire,2 016,"0,385","0,563"
Nancy,54395,Meurthe-et-Moselle,Lorraine,2 017,"0,385","0,537"
Dunkerque,59183,Nord,Nord-Pas-de-Calais,2 019,"0,384","0,591"
Lens,62498,Pas-de-Calais,Nord-Pas-de-Calais,2 017,"0,383","0,613"
Nîmes,30189,Gard,Languedoc-Roussillon,2 017,"0,383","0,541"
Brest,29019,Finistère,Bretagne,2 019,"0,382","0,533"
Nantes,44109,Loire-Atlantique,Pays de la Loire,2 021,"0,381","0,590"
Limoges,87085,Haute-Vienne,Limousin,2 023,"0,380","0,008"
Bordeaux,33063,Gironde,Aquitaine,2 016,"0,378","0,566"
Lorient,56121,Morbihan,Bretagne,2 020,"0,378","0,534"
Metz,57463,Moselle,Lorraine,2 014,"0,378","0,526"
Anglet,64024,Pyrénées-Atlantiques,Aquitaine,2 019,"0,377","0,545"
Gap,05061,Hautes-Alpes,Provence-Alpes-Côte d'Azur,2 012,"0,377","0,454"
Chamonix,74056,Haute-Savoie,Rhône-Alpes,2 018,"0,377","0,430"
Briançon,05023,Hautes-Alpes,Provence-Alpes-Côte d'Azur,2 020,"0,377","0,424"
Chamonix,74056,Haute-Savoie,Rhône-Alpes,2 021,"0,377","0,420"
Briançon,05023,Hautes-Alpes,Provence-Alpes-Côte d'Azur,2 016,"0,377","0,416"
Morzine,74191,Haute-Savoie,Rhône-Alpes,2 014,"0,377","0,378"
Levallois-perret,92044,Hauts-de-Seine,Île-de-France,2 016,"0,377","0,625"
Chalon-sur-saône,71076,Saône-et-Loire,Bourgogne,2 019,"0,377","0,560"
Antibes,06004,Alpes-Maritimes,Provence-Alpes-Côte d'Azur,2 017,"0,377","0,546"
Portel,62667,Pas-de-Calais,Nord-Pas-de-Calais,2 022,"0,377","0,000"
Troyes,10387,Aube,Champagne-Ardenne,2 015,"0,376","0,582"
Metz,57463,Moselle,Lorraine,2 023,"0,376","0,009"
Nancy,54395,Meurthe-et-Moselle,Lorraine,2 016,"0,375","0,536"
Perpignan,66136,Pyrénées-Orientales,Languedoc-Roussillon,2 022,"0,373","0,011"
Perpignan,66136,Pyrénées-Orientales,Languedoc-Roussillon,2 023,"0,373","0,010"
Agen,47001,Lot-et-Garonne,Aquitaine,2 019,"0,372","0,541"
Tremblay-en-france,93073,Seine-Saint-Denis,Île-de-France,2 014,"0,372","0,515"
Ivry,94041,Val-de-Marne,Île-de-France,2 019,"0,372","0,513"
Tremblay-en-france,93073,Seine-Saint-Denis,Île-de-France,2 013,"0,372","0,512"
Saran,45302,Loiret,Centre,2 017,"0,372","0,510"
Ivry,94041,Val-de-Marne,Île-de-France,2 020,"0,372","0,503"
Ivry,94041,Val-de-Marne,Île-de-France,2 023,"0,372","0,007"
Caen,14118,Calvados,Basse-Normandie,2 016,"0,371","0,529"
Guingamp,22070,Côtes d'Armor,Bretagne,2 013,"0,370","0,552"
Reims,51454,Marne,Champagne-Ardenne,2 018,"0,369","0,543"
Reims,51454,Marne,Champagne-Ardenne,2 012,"0,366","0,501"
Metz,57463,Moselle,Lorraine,2 019,"0,365","0,537"
Clermont-Ferrand,63113,Puy-de-Dôme,Auvergne,2 016,"0,365","0,522"
Dijon,21231,Côte-d'Or,Bourgogne,2 016,"0,364","0,518"
Dunkerque,59183,Nord,Nord-Pas-de-Calais,2 021,"0,361","0,578"
Dijon,21231,Côte-d'Or,Bourgogne,2 021,"0,361","0,534"
Dunkerque,59183,Nord,Nord-Pas-de-Calais,2 020,"0,360","0,587"
Roanne,42187,Loire,Rhône-Alpes,2 014,"0,359","0,536"
Boulazac,24053,Dordogne,Aquitaine,2 013,"0,359","0,504"
Boulazac,24053,Dordogne,Aquitaine,2 020,"0,359","0,495"
Limoges,87085,Haute-Vienne,Limousin,2 014,"0,359","0,530"
Dijon,21231,Côte-d'Or,Bourgogne,2 014,"0,358","0,509"
Dijon,21231,Côte-d'Or,Bourgogne,2 015,"0,357","0,515"
Clermont-Ferrand,63113,Puy-de-Dôme,Auvergne,2 020,"0,357","0,529"
Troyes,10387,Aube,Champagne-Ardenne,2 012,"0,357","0,522"
Bastia,2B033,Haute-Corse,Corse,2 023,"0,356","0,003"
Lens,62498,Pas-de-Calais,Nord-Pas-de-Calais,2 019,"0,355","0,612"
Epinal,88160,Vosges,Lorraine,2 013,"0,355","0,545"
Cergy-Pontoise,95127,Val d'Oise,Île-de-France,2 020,"0,355","0,527"
Gap,05061,Hautes-Alpes,Provence-Alpes-Côte d'Azur,2 014,"0,355","0,488"
Briançon,05023,Hautes-Alpes,Provence-Alpes-Côte d'Azur,2 021,"0,355","0,423"
Chamonix,74056,Haute-Savoie,Rhône-Alpes,2 017,"0,355","0,422"
Briançon,05023,Hautes-Alpes,Provence-Alpes-Côte d'Azur,2 023,"0,355","0,001"
Briançon,05023,Hautes-Alpes,Provence-Alpes-Côte d'Azur,2 022,"0,355","0,001"
Dunkerque,59183,Nord,Nord-Pas-de-Calais,2 022,"0,354","0,005"
Strasbourg,67482,Bas-Rhin,Alsace,2 013,"0,354","0,530"
Limoges,87085,Haute-Vienne,Limousin,2 017,"0,354","0,534"
Perpignan,66136,Pyrénées-Orientales,Languedoc-Roussillon,2 021,"0,353","0,557"
Cholet,49099,Maine-et-Loire,Pays de la Loire,2 014,"0,352","0,532"
Cholet,49099,Maine-et-Loire,Pays de la Loire,2 021,"0,352","0,523"
Strasbourg,67482,Bas-Rhin,Alsace,2 018,"0,352","0,533"
Perpignan,66136,Pyrénées-Orientales,Languedoc-Roussillon,2 019,"0,352","0,558"
Tremblay-en-france,93073,Seine-Saint-Denis,Île-de-France,2 020,"0,351","0,534"
Agen,47001,Lot-et-Garonne,Aquitaine,2 020,"0,351","0,533"
Agen,47001,Lot-et-Garonne,Aquitaine,2 016,"0,351","0,529"
Sélestat,67462,Bas-Rhin,Alsace,2 015,"0,351","0,527"
Agen,47001,Lot-et-Garonne,Aquitaine,2 013,"0,351","0,519"
Saran,45302,Loiret,Centre,2 018,"0,351","0,511"
Ivry,94041,Val-de-Marne,Île-de-France,2 014,"0,351","0,504"
Bayonne,64102,Pyrénées-Atlantiques,Aquitaine,2 021,"0,351","0,499"
Auxerre,89024,Yonne,Bourgogne,2 022,"0,346","0,002"
Bordeaux,33063,Gironde,Aquitaine,2 019,"0,345","0,583"
Cholet,49099,Maine-et-Loire,Pays de la Loire,2 016,"0,345","0,542"
Metz,57463,Moselle,Lorraine,2 016,"0,344","0,534"
Antibes,06004,Alpes-Maritimes,Provence-Alpes-Côte d'Azur,2 018,"0,342","0,555"
Portel,62667,Pas-de-Calais,Nord-Pas-de-Calais,2 019,"0,342","0,553"
Roanne,42187,Loire,Rhône-Alpes,2 020,"0,342","0,528"
Antibes,06004,Alpes-Maritimes,Provence-Alpes-Côte d'Azur,2 014,"0,342","0,522"
Roanne,42187,Loire,Rhône-Alpes,2 021,"0,342","0,516"
Poitiers,86194,Vienne,Poitou-Charentes,2 013,"0,342","0,498"
Blois,41018,Loir-et-Cher,Centre,2 023,"0,342","0,003"
Fos-sur-mer,13039,Bouches-du-Rhône,Provence-Alpes-Côte d'Azur,2 022,"0,342","0,001"
Bordeaux,33063,Gironde,Aquitaine,2 021,"0,340","0,590"
Lens,62498,Pas-de-Calais,Nord-Pas-de-Calais,2 016,"0,340","0,607"
Pau,64445,Pyrénées-Atlantiques,Aquitaine,2 022,"0,339","0,006"
Aix-en-Provence,13001,Bouches-du-Rhône,Provence-Alpes-Côte d'Azur,2 019,"0,339","0,550"
Strasbourg,67482,Bas-Rhin,Alsace,2 017,"0,338","0,539"
Angers,49007,Maine-et-Loire,Pays de la Loire,2 020,"0,338","0,556"
Angers,49007,Maine-et-Loire,Pays de la Loire,2 017,"0,337","0,562"
Dijon,21231,Côte-d'Or,Bourgogne,2 013,"0,337","0,497"
Aix-en-Provence,13001,Bouches-du-Rhône,Provence-Alpes-Côte d'Azur,2 021,"0,336","0,555"
Ajaccio,2A004,Corse-du-Sud,Corse,2 022,"0,335","0,005"
Strasbourg,67482,Bas-Rhin,Alsace,2 019,"0,335","0,543"
Cholet,49099,Maine-et-Loire,Pays de la Loire,2 019,"0,334","0,536"
Anglet,64024,Pyrénées-Atlantiques,Aquitaine,2 018,"0,333","0,539"
Neuilly-sur-Marne,93050,Seine-Saint-Denis,Île-de-France,2 020,"0,333","0,474"
Briançon,05023,Hautes-Alpes,Provence-Alpes-Côte d'Azur,2 017,"0,333","0,414"
Villard-de-Lans,38548,Isère,Rhône-Alpes,2 012,"0,333","0,410"
Morzine,74191,Haute-Savoie,Rhône-Alpes,2 016,"0,333","0,398"
Bayonne,64102,Pyrénées-Atlantiques,Aquitaine,2 016,"0,332","0,495"
Perpignan,66136,Pyrénées-Orientales,Languedoc-Roussillon,2 018,"0,331","0,557"
Tremblay-en-france,93073,Seine-Saint-Denis,Île-de-France,2 016,"0,331","0,526"
Agen,47001,Lot-et-Garonne,Aquitaine,2 021,"0,331","0,517"
Pontault-combault,77373,Seine-et-Marne,Île-de-France,2 019,"0,331","0,507"
Sélestat,67462,Bas-Rhin,Alsace,2 017,"0,331","0,506"
Bayonne,64102,Pyrénées-Atlantiques,Aquitaine,2 017,"0,331","0,489"
Mont-de-Marsan,40192,Landes,Aquitaine,2 013,"0,331","0,487"
Biarritz,64122,Pyrénées-Atlantiques,Aquitaine,2 022,"0,331","0,003"
Clermont-Ferrand,63113,Puy-de-Dôme,Auvergne,2 018,"0,330","0,531"
Bordeaux,33063,Gironde,Aquitaine,2 022,"0,329","0,040"
Troyes,10387,Aube,Champagne-Ardenne,2 021,"0,329","0,568"
Cholet,49099,Maine-et-Loire,Pays de la Loire,2 015,"0,328","0,541"
Angers,49007,Maine-et-Loire,Pays de la Loire,2 019,"0,326","0,565"
Caen,14118,Calvados,Basse-Normandie,2 015,"0,326","0,531"
Chalon-sur-saône,71076,Saône-et-Loire,Bourgogne,2 021,"0,325","0,535"
Fos-sur-mer,13039,Bouches-du-Rhône,Provence-Alpes-Côte d'Azur,2 019,"0,325","0,530"
Boulazac,24053,Dordogne,Aquitaine,2 018,"0,325","0,493"
Caen,14118,Calvados,Basse-Normandie,2 018,"0,324","0,534"
Cholet,49099,Maine-et-Loire,Pays de la Loire,2 018,"0,324","0,532"
Brest,29019,Finistère,Bretagne,2 017,"0,322","0,528"
Aix-en-Provence,13001,Bouches-du-Rhône,Provence-Alpes-Côte d'Azur,2 020,"0,321","0,546"
Bordeaux,33063,Gironde,Aquitaine,2 023,"0,320","0,040"
Nîmes,30189,Gard,Languedoc-Roussillon,2 022,"0,320","0,012"
Troyes,10387,Aube,Champagne-Ardenne,2 019,"0,320","0,588"
Troyes,10387,Aube,Champagne-Ardenne,2 017,"0,320","0,584"
Niort,79191,Deux-Sèvres,Poitou-Charentes,2 014,"0,318","0,543"
Brest,29019,Finistère,Bretagne,2 018,"0,318","0,528"
Rouen,76540,Seine-Maritime,Haute-Normandie,2 015,"0,317","0,548"
Bastia,2B033,Haute-Corse,Corse,2 014,"0,313","0,463"
Sochaux,25547,Doubs,Franche-Comté,2 022,"0,313","0,000"
Angers,49007,Maine-et-Loire,Pays de la Loire,2 018,"0,313","0,559"
Strasbourg,67482,Bas-Rhin,Alsace,2 022,"0,313","0,026"
Ajaccio,2A004,Corse-du-Sud,Corse,2 020,"0,312","0,472"
Nîmes,30189,Gard,Languedoc-Roussillon,2 016,"0,312","0,541"
Nîmes,30189,Gard,Languedoc-Roussillon,2 015,"0,312","0,539"
Perpignan,66136,Pyrénées-Orientales,Languedoc-Roussillon,2 015,"0,311","0,565"
La Rochelle,17300,Charente-Maritime,Poitou-Charentes,2 014,"0,311","0,555"
Cergy-Pontoise,95127,Val d'Oise,Île-de-France,2 019,"0,311","0,525"
Neuilly-sur-Marne,93050,Seine-Saint-Denis,Île-de-France,2 012,"0,311","0,486"
Perpignan,66136,Pyrénées-Orientales,Languedoc-Roussillon,2 020,"0,311","0,555"
Nîmes,30189,Gard,Languedoc-Roussillon,2 013,"0,310","0,539"
Rouen,76540,Seine-Maritime,Haute-Normandie,2 019,"0,310","0,555"
Tremblay-en-france,93073,Seine-Saint-Denis,Île-de-France,2 017,"0,310","0,536"
Colomiers,31149,Haute-Garonne,Midi-Pyrénées,2 020,"0,310","0,526"
Sélestat,67462,Bas-Rhin,Alsace,2 016,"0,310","0,517"
Ivry,94041,Val-de-Marne,Île-de-France,2 015,"0,310","0,512"
Saran,45302,Loiret,Centre,2 021,"0,310","0,511"
Ivry,94041,Val-de-Marne,Île-de-France,2 021,"0,310","0,508"
Ivry,94041,Val-de-Marne,Île-de-France,2 022,"0,310","0,007"
Mont-de-Marsan,40192,Landes,Aquitaine,2 022,"0,310","0,002"
Saran,45302,Loiret,Centre,2 022,"0,310","0,001"
Saran,45302,Loiret,Centre,2 023,"0,310","0,001"
Portel,62667,Pas-de-Calais,Nord-Pas-de-Calais,2 020,"0,308","0,562"
Antibes,06004,Alpes-Maritimes,Provence-Alpes-Côte d'Azur,2 019,"0,308","0,559"
Boulazac,24053,Dordogne,Aquitaine,2 021,"0,308","0,501"
Fos-sur-mer,13039,Bouches-du-Rhône,Provence-Alpes-Côte d'Azur,2 023,"0,308","0,001"
Le Havre,76351,Seine-Maritime,Haute-Normandie,2 013,"0,308","0,558"
Brest,29019,Finistère,Bretagne,2 015,"0,307","0,524"
Le Havre,76351,Seine-Maritime,Haute-Normandie,2 015,"0,306","0,575"
Sedan,08409,Ardennes,Champagne-Ardenne,2 012,"0,306","0,587"
Clermont-Ferrand,63113,Puy-de-Dôme,Auvergne,2 019,"0,306","0,537"
Angers,49007,Maine-et-Loire,Pays de la Loire,2 022,"0,303","0,012"
Angers,49007,Maine-et-Loire,Pays de la Loire,2 021,"0,302","0,556"
Clermont-Ferrand,63113,Puy-de-Dôme,Auvergne,2 013,"0,301","0,503"
Guingamp,22070,Côtes d'Armor,Bretagne,2 023,"0,301","0,000"
Le Havre,76351,Seine-Maritime,Haute-Normandie,2 023,"0,301","0,009"
Le Havre,76351,Seine-Maritime,Haute-Normandie,2 016,"0,301","0,578"
Troyes,10387,Aube,Champagne-Ardenne,2 020,"0,301","0,576"
Aix-en-Provence,13001,Bouches-du-Rhône,Provence-Alpes-Côte d'Azur,2 018,"0,298","0,545"
Nantes,44109,Loire-Atlantique,Pays de la Loire,2 013,"0,298","0,546"
Aix-en-Provence,13001,Bouches-du-Rhône,Provence-Alpes-Côte d'Azur,2 023,"0,297","0,016"
Ajaccio,2A004,Corse-du-Sud,Corse,2 016,"0,296","0,461"
Lorient,56121,Morbihan,Bretagne,2 019,"0,296","0,551"
Clermont-Ferrand,63113,Puy-de-Dôme,Auvergne,2 015,"0,296","0,521"
Pau,64445,Pyrénées-Atlantiques,Aquitaine,2 023,"0,294","0,006"
Caen,14118,Calvados,Basse-Normandie,2 017,"0,294","0,530"
Clermont-Ferrand,63113,Puy-de-Dôme,Auvergne,2 017,"0,293","0,530"
Guingamp,22070,Côtes d'Armor,Bretagne,2 022,"0,292","0,000"
Reims,51454,Marne,Champagne-Ardenne,2 017,"0,292","0,541"
Mulhouse,68224,Haut-Rhin,Alsace,2 013,"0,292","0,593"
Brest,29019,Finistère,Bretagne,2 014,"0,291","0,522"
La Rochelle,17300,Charente-Maritime,Poitou-Charentes,2 013,"0,291","0,545"
Lorient,56121,Morbihan,Bretagne,2 018,"0,291","0,547"
Guingamp,22070,Côtes d'Armor,Bretagne,2 012,"0,291","0,458"
Roanne,42187,Loire,Rhône-Alpes,2 019,"0,291","0,542"
Blois,41018,Loir-et-Cher,Centre,2 020,"0,291","0,540"
Fos-sur-mer,13039,Bouches-du-Rhône,Provence-Alpes-Côte d'Azur,2 021,"0,291","0,536"
Blois,41018,Loir-et-Cher,Centre,2 018,"0,291","0,531"
Saint-quentin,02691,Aisne,Picardie,2 023,"0,291","0,003"
Saint-Ouen,93070,Seine-Saint-Denis,Île-de-France,2 016,"0,291","0,523"
Biarritz,64122,Pyrénées-Atlantiques,Aquitaine,2 017,"0,291","0,560"
Vannes,56260,Morbihan,Bretagne,2 021,"0,289","0,544"
Tremblay-en-france,93073,Seine-Saint-Denis,Île-de-France,2 021,"0,289","0,530"
Agen,47001,Lot-et-Garonne,Aquitaine,2 017,"0,289","0,528"
Pontault-combault,77373,Seine-et-Marne,Île-de-France,2 021,"0,289","0,521"
Agen,47001,Lot-et-Garonne,Aquitaine,2 014,"0,289","0,520"
Montauban,82121,Tarn-et-Garonne,Midi-Pyrénées,2 018,"0,289","0,514"
Mont-de-Marsan,40192,Landes,Aquitaine,2 015,"0,289","0,501"
Saran,45302,Loiret,Centre,2 016,"0,289","0,499"
Pontault-combault,77373,Seine-et-Marne,Île-de-France,2 017,"0,289","0,492"
Bayonne,64102,Pyrénées-Atlantiques,Aquitaine,2 022,"0,289","0,005"
Cherbourg,50129,Manche,Basse-Normandie,2 022,"0,289","0,003"
Sélestat,67462,Bas-Rhin,Alsace,2 023,"0,289","0,001"
Anglet,64024,Pyrénées-Atlantiques,Aquitaine,2 017,"0,288","0,538"
Neuilly-sur-Marne,93050,Seine-Saint-Denis,Île-de-France,2 019,"0,288","0,463"
Briançon,05023,Hautes-Alpes,Provence-Alpes-Côte d'Azur,2 018,"0,288","0,418"
Strasbourg,67482,Bas-Rhin,Alsace,2 020,"0,288","0,540"
Strasbourg,67482,Bas-Rhin,Alsace,2 023,"0,286","0,022"
Nîmes,30189,Gard,Languedoc-Roussillon,2 014,"0,286","0,540"
Rouen,76540,Seine-Maritime,Haute-Normandie,2 016,"0,285","0,546"
Angers,49007,Maine-et-Loire,Pays de la Loire,2 023,"0,283","0,011"
Strasbourg,67482,Bas-Rhin,Alsace,2 012,"0,281","0,517"
Orléans,45234,Loiret,Centre,2 019,"0,281","0,542"
Caen,14118,Calvados,Basse-Normandie,2 012,"0,280","0,504"
Saint-Etienne,42218,Loire,Rhône-Alpes,2 023,"0,278","0,013"
Ajaccio,2A004,Corse-du-Sud,Corse,2 013,"0,277","0,460"
Sochaux,25547,Doubs,Franche-Comté,2 023,"0,277","0,000"
Caen,14118,Calvados,Basse-Normandie,2 019,"0,276","0,539"
Laval,53130,Mayenne,Pays de la Loire,2 015,"0,274","0,500"
Evreux,27229,Eure,Haute-Normandie,2 013,"0,274","0,549"
Roanne,42187,Loire,Rhône-Alpes,2 018,"0,274","0,538"
Quimper,29232,Finistère,Bretagne,2 020,"0,274","0,525"
Fos-sur-mer,13039,Bouches-du-Rhône,Provence-Alpes-Côte d'Azur,2 017,"0,274","0,519"
Fos-sur-mer,13039,Bouches-du-Rhône,Provence-Alpes-Côte d'Azur,2 016,"0,274","0,511"
Boulazac,24053,Dordogne,Aquitaine,2 012,"0,274","0,440"
Chalon-sur-saône,71076,Saône-et-Loire,Bourgogne,2 023,"0,274","0,003"
Saint-chamond,42207,Loire,Rhône-Alpes,2 022,"0,274","0,002"
Guingamp,22070,Côtes d'Armor,Bretagne,2 020,"0,272","0,530"
Biarritz,64122,Pyrénées-Atlantiques,Aquitaine,2 015,"0,272","0,568"
Pau,64445,Pyrénées-Atlantiques,Aquitaine,2 021,"0,270","0,549"
Clermont-Ferrand,63113,Puy-de-Dôme,Auvergne,2 014,"0,270","0,513"
Tours,37261,Indre-et-Loire,Centre,2 012,"0,269","0,502"
Biarritz,64122,Pyrénées-Atlantiques,Aquitaine,2 021,"0,269","0,564"
Montauban,82121,Tarn-et-Garonne,Midi-Pyrénées,2 017,"0,269","0,518"
Cherbourg,50129,Manche,Basse-Normandie,2 021,"0,269","0,509"
Aurillac,15014,Cantal,Auvergne,2 016,"0,269","0,495"
Bayonne,64102,Pyrénées-Atlantiques,Aquitaine,2 019,"0,269","0,489"
Mont-de-Marsan,40192,Landes,Aquitaine,2 012,"0,269","0,468"
Tremblay-en-france,93073,Seine-Saint-Denis,Île-de-France,2 023,"0,269","0,003"
Pontault-combault,77373,Seine-et-Marne,Île-de-France,2 022,"0,269","0,003"
Mont-de-Marsan,40192,Landes,Aquitaine,2 023,"0,269","0,002"
Mulhouse,68224,Haut-Rhin,Alsace,2 012,"0,268","0,582"
Anglet,64024,Pyrénées-Atlantiques,Aquitaine,2 015,"0,266","0,531"
Neuilly-sur-Marne,93050,Seine-Saint-Denis,Île-de-France,2 021,"0,266","0,484"
Epinal,88160,Vosges,Lorraine,2 023,"0,266","0,002"
Saint-Gervais-les-Bains,74236,Haute-Savoie,Rhône-Alpes,2 022,"0,266","0,001"
Le Mans,72181,Sarthe,Pays de la Loire,2 012,"0,266","0,524"
Mulhouse,68224,Haut-Rhin,Alsace,2 016,"0,266","0,608"
Dijon,21231,Côte-d'Or,Bourgogne,2 022,"0,266","0,011"
Grenoble,38185,Isère,Rhône-Alpes,2 019,"0,265","0,533"
Auxerre,89024,Yonne,Bourgogne,2 021,"0,263","0,517"
Aix-en-Provence,13001,Bouches-du-Rhône,Provence-Alpes-Côte d'Azur,2 017,"0,263","0,542"
Grenoble,38185,Isère,Rhône-Alpes,2 021,"0,262","0,532"
Mulhouse,68224,Haut-Rhin,Alsace,2 015,"0,261","0,614"
Aix-en-Provence,13001,Bouches-du-Rhône,Provence-Alpes-Côte d'Azur,2 013,"0,259","0,526"
Ajaccio,2A004,Corse-du-Sud,Corse,2 018,"0,258","0,464"
Saint-quentin,02691,Aisne,Picardie,2 021,"0,257","0,580"
Evreux,27229,Eure,Haute-Normandie,2 016,"0,257","0,552"
Boulazac,24053,Dordogne,Aquitaine,2 015,"0,257","0,484"
Saint-quentin,02691,Aisne,Picardie,2 022,"0,257","0,002"
Valenciennes,59606,Nord,Nord-Pas-de-Calais,2 020,"0,257","0,564"
Le Mans,72181,Sarthe,Pays de la Loire,2 013,"0,254","0,540"
Tours,37261,Indre-et-Loire,Centre,2 014,"0,252","0,532"
Amiens,80021,Somme,Picardie,2 023,"0,251","0,009"
Aix-en-Provence,13001,Bouches-du-Rhône,Provence-Alpes-Côte d'Azur,2 014,"0,251","0,535"
La Rochelle,17300,Charente-Maritime,Poitou-Charentes,2 012,"0,249","0,528"
Dax,40088,Landes,Aquitaine,2 012,"0,248","0,574"
Vannes,56260,Morbihan,Bretagne,2 019,"0,248","0,551"
Agen,47001,Lot-et-Garonne,Aquitaine,2 015,"0,248","0,529"
Mont-de-Marsan,40192,Landes,Aquitaine,2 018,"0,248","0,520"
Mont-de-Marsan,40192,Landes,Aquitaine,2 016,"0,248","0,509"
Pontault-combault,77373,Seine-et-Marne,Île-de-France,2 018,"0,248","0,500"
Aurillac,15014,Cantal,Auvergne,2 013,"0,248","0,462"
Pontault-combault,77373,Seine-et-Marne,Île-de-France,2 023,"0,248","0,005"
Nevers,58194,Nièvre,Bourgogne,2 022,"0,248","0,002"
Nevers,58194,Nièvre,Bourgogne,2 023,"0,248","0,002"
Sélestat,67462,Bas-Rhin,Alsace,2 022,"0,248","0,001"
Nîmes,30189,Gard,Languedoc-Roussillon,2 023,"0,248","0,013"
Ajaccio,2A004,Corse-du-Sud,Corse,2 015,"0,248","0,459"
Nantes,44109,Loire-Atlantique,Pays de la Loire,2 012,"0,247","0,538"
Angers,49007,Maine-et-Loire,Pays de la Loire,2 015,"0,246","0,564"
Brest,29019,Finistère,Bretagne,2 016,"0,246","0,530"
Ajaccio,2A004,Corse-du-Sud,Corse,2 017,"0,245","0,460"
Caen,14118,Calvados,Basse-Normandie,2 023,"0,245","0,009"
Amiens,80021,Somme,Picardie,2 021,"0,244","0,554"
Anglet,64024,Pyrénées-Atlantiques,Aquitaine,2 016,"0,244","0,531"
Saint-Gervais-les-Bains,74236,Haute-Savoie,Rhône-Alpes,2 021,"0,244","0,454"
Saint-Gervais-les-Bains,74236,Haute-Savoie,Rhône-Alpes,2 020,"0,244","0,442"
Briançon,05023,Hautes-Alpes,Provence-Alpes-Côte d'Azur,2 019,"0,244","0,421"
Neuilly-sur-Marne,93050,Seine-Saint-Denis,Île-de-France,2 022,"0,244","0,003"
Limoges,87085,Haute-Vienne,Limousin,2 013,"0,243","0,517"
Sochaux,25547,Doubs,Franche-Comté,2 021,"0,242","0,527"
Troyes,10387,Aube,Champagne-Ardenne,2 014,"0,242","0,563"
Chambly,60139,Oise,Picardie,2 020,"0,242","0,513"
Denain,59172,Nord,Nord-Pas-de-Calais,2 015,"0,240","0,603"
Vichy,03310,Allier,Auvergne,2 019,"0,240","0,582"
Antibes,06004,Alpes-Maritimes,Provence-Alpes-Côte d'Azur,2 020,"0,240","0,553"
Fos-sur-mer,13039,Bouches-du-Rhône,Provence-Alpes-Côte d'Azur,2 018,"0,240","0,529"
Poitiers,86194,Vienne,Poitou-Charentes,2 014,"0,240","0,507"
Aix-les-bains,73008,Savoie,Rhône-Alpes,2 012,"0,240","0,499"
Boulazac,24053,Dordogne,Aquitaine,2 017,"0,240","0,491"
Boulazac,24053,Dordogne,Aquitaine,2 016,"0,240","0,488"
Blois,41018,Loir-et-Cher,Centre,2 022,"0,240","0,003"
Grenoble,38185,Isère,Rhône-Alpes,2 020,"0,239","0,534"
Le Havre,76351,Seine-Maritime,Haute-Normandie,2 018,"0,238","0,589"
Sochaux,25547,Doubs,Franche-Comté,2 015,"0,236","0,621"
Auxerre,89024,Yonne,Bourgogne,2 016,"0,236","0,533"
Grenoble,38185,Isère,Rhône-Alpes,2 023,"0,235","0,014"
Nancy,54395,Meurthe-et-Moselle,Lorraine,2 021,"0,232","0,539"
Angers,49007,Maine-et-Loire,Pays de la Loire,2 013,"0,230","0,540"
Nancy,54395,Meurthe-et-Moselle,Lorraine,2 020,"0,229","0,539"
Orléans,45234,Loiret,Centre,2 018,"0,229","0,539"
Perpignan,66136,Pyrénées-Orientales,Languedoc-Roussillon,2 016,"0,229","0,559"
Nanterre,92050,Hauts-de-Seine,Île-de-France,2 015,"0,229","0,521"
Le Havre,76351,Seine-Maritime,Haute-Normandie,2 017,"0,229","0,580"
Mulhouse,68224,Haut-Rhin,Alsace,2 014,"0,228","0,610"
Auxerre,89024,Yonne,Bourgogne,2 015,"0,228","0,539"
Tours,37261,Indre-et-Loire,Centre,2 016,"0,228","0,540"
Narbonne,11262,Aude,Languedoc-Roussillon,2 014,"0,227","0,558"
Nevers,58194,Nièvre,Bourgogne,2 020,"0,227","0,540"
Colomiers,31149,Haute-Garonne,Midi-Pyrénées,2 016,"0,227","0,537"
Vernon,27681,Eure,Haute-Normandie,2 012,"0,227","0,533"
Colomiers,31149,Haute-Garonne,Midi-Pyrénées,2 021,"0,227","0,532"
Colomiers,31149,Haute-Garonne,Midi-Pyrénées,2 017,"0,227","0,530"
Cherbourg,50129,Manche,Basse-Normandie,2 015,"0,227","0,528"
Mont-de-Marsan,40192,Landes,Aquitaine,2 019,"0,227","0,527"
Pontault-combault,77373,Seine-et-Marne,Île-de-France,2 020,"0,227","0,516"
Sélestat,67462,Bas-Rhin,Alsace,2 018,"0,227","0,513"
Vannes,56260,Morbihan,Bretagne,2 023,"0,227","0,004"
Carcassonne,11069,Aude,Languedoc-Roussillon,2 022,"0,227","0,004"
Frontignan,34108,Hérault,Languedoc-Roussillon,2 023,"0,227","0,002"
Istres,13047,Bouches-du-Rhône,Provence-Alpes-Côte d'Azur,2 012,"0,227","0,479"
Auxerre,89024,Yonne,Bourgogne,2 013,"0,226","0,518"
Lens,62498,Pas-de-Calais,Nord-Pas-de-Calais,2 012,"0,226","0,564"
Dijon,21231,Côte-d'Or,Bourgogne,2 023,"0,224","0,011"
Sochaux,25547,Doubs,Franche-Comté,2 018,"0,223","0,524"
Aix-en-Provence,13001,Bouches-du-Rhône,Provence-Alpes-Côte d'Azur,2 012,"0,223","0,517"
Denain,59172,Nord,Nord-Pas-de-Calais,2 021,"0,223","0,604"
Portel,62667,Pas-de-Calais,Nord-Pas-de-Calais,2 014,"0,223","0,573"
Charleville-mézières,08105,Ardennes,Champagne-Ardenne,2 017,"0,223","0,570"
Antibes,06004,Alpes-Maritimes,Provence-Alpes-Côte d'Azur,2 013,"0,223","0,512"
Saint-chamond,42207,Loire,Rhône-Alpes,2 020,"0,223","0,502"
Fos-sur-mer,13039,Bouches-du-Rhône,Provence-Alpes-Côte d'Azur,2 012,"0,223","0,495"
Evreux,27229,Eure,Haute-Normandie,2 022,"0,223","0,003"
Boulazac,24053,Dordogne,Aquitaine,2 023,"0,223","0,001"
Amiens,80021,Somme,Picardie,2 022,"0,222","0,009"
Nanterre,92050,Hauts-de-Seine,Île-de-France,2 017,"0,222","0,527"
La Roche-sur-Yon,85191,Vendée,Pays de la Loire,2 017,"0,222","0,536"
Anglet,64024,Pyrénées-Atlantiques,Aquitaine,2 014,"0,222","0,519"
Neuilly-sur-Marne,93050,Seine-Saint-Denis,Île-de-France,2 018,"0,222","0,457"
Petit-Quevilly,76498,Seine-Maritime,Haute-Normandie,2 023,"0,221","0,001"
Niort,79191,Deux-Sèvres,Poitou-Charentes,2 015,"0,219","0,549"
Le Havre,76351,Seine-Maritime,Haute-Normandie,2 014,"0,218","0,568"
Niort,79191,Deux-Sèvres,Poitou-Charentes,2 017,"0,218","0,553"
Nanterre,92050,Hauts-de-Seine,Île-de-France,2 019,"0,215","0,535"
Aix-en-Provence,13001,Bouches-du-Rhône,Provence-Alpes-Côte d'Azur,2 016,"0,215","0,545"
Aix-en-Provence,13001,Bouches-du-Rhône,Provence-Alpes-Côte d'Azur,2 015,"0,215","0,543"
Châteauroux,36044,Indre,Centre,2 018,"0,215","0,542"
Caen,14118,Calvados,Basse-Normandie,2 014,"0,213","0,523"
Guingamp,22070,Côtes d'Armor,Bretagne,2 021,"0,213","0,540"
Rouen,76540,Seine-Maritime,Haute-Normandie,2 018,"0,212","0,550"
Le Havre,76351,Seine-Maritime,Haute-Normandie,2 020,"0,212","0,586"
Nanterre,92050,Hauts-de-Seine,Île-de-France,2 020,"0,210","0,528"
Pau,64445,Pyrénées-Atlantiques,Aquitaine,2 017,"0,208","0,550"
Massy,91377,Essonne,Île-de-France,2 018,"0,208","0,515"
Perpignan,66136,Pyrénées-Orientales,Languedoc-Roussillon,2 017,"0,207","0,561"
Nancy,54395,Meurthe-et-Moselle,Lorraine,2 019,"0,207","0,546"
Vernon,27681,Eure,Haute-Normandie,2 013,"0,207","0,562"
Biarritz,64122,Pyrénées-Atlantiques,Aquitaine,2 020,"0,207","0,560"
Biarritz,64122,Pyrénées-Atlantiques,Aquitaine,2 018,"0,207","0,558"
Nevers,58194,Nièvre,Bourgogne,2 019,"0,207","0,550"
Tarbes,65440,Hautes-Pyrénées,Midi-Pyrénées,2 014,"0,207","0,543"
Tarbes,65440,Hautes-Pyrénées,Midi-Pyrénées,2 013,"0,207","0,536"
Carcassonne,11069,Aude,Languedoc-Roussillon,2 012,"0,207","0,532"
Mont-de-Marsan,40192,Landes,Aquitaine,2 017,"0,207","0,515"
Cherbourg,50129,Manche,Basse-Normandie,2 020,"0,207","0,510"
Aurillac,15014,Cantal,Auvergne,2 015,"0,207","0,486"
Semur-en-auxois,21603,Côte-d'Or,Bourgogne,2 012,"0,207","0,443"
Colomiers,31149,Haute-Garonne,Midi-Pyrénées,2 022,"0,207","0,003"
Agen,47001,Lot-et-Garonne,Aquitaine,2 023,"0,207","0,002"
Portel,62667,Pas-de-Calais,Nord-Pas-de-Calais,2 016,"0,205","0,579"
Evreux,27229,Eure,Haute-Normandie,2 014,"0,205","0,553"
Antibes,06004,Alpes-Maritimes,Provence-Alpes-Côte d'Azur,2 015,"0,205","0,537"
Quimper,29232,Finistère,Bretagne,2 021,"0,205","0,532"
Saint-chamond,42207,Loire,Rhône-Alpes,2 019,"0,205","0,505"
Saint-chamond,42207,Loire,Rhône-Alpes,2 018,"0,205","0,501"
Fos-sur-mer,13039,Bouches-du-Rhône,Provence-Alpes-Côte d'Azur,2 013,"0,205","0,500"
Antibes,06004,Alpes-Maritimes,Provence-Alpes-Côte d'Azur,2 022,"0,205","0,011"
Antibes,06004,Alpes-Maritimes,Provence-Alpes-Côte d'Azur,2 023,"0,205","0,009"
Nanterre,92050,Hauts-de-Seine,Île-de-France,2 021,"0,204","0,531"
Nanterre,92050,Hauts-de-Seine,Île-de-France,2 014,"0,204","0,513"
Lens,62498,Pas-de-Calais,Nord-Pas-de-Calais,2 018,"0,204","0,609"
Bastia,2B033,Haute-Corse,Corse,2 022,"0,204","0,003"
Nanterre,92050,Hauts-de-Seine,Île-de-France,2 016,"0,203","0,524"
Créteil,94028,Val-de-Marne,Île-de-France,2 014,"0,203","0,502"
Rouen,76540,Seine-Maritime,Haute-Normandie,2 013,"0,203","0,528"
Caen,14118,Calvados,Basse-Normandie,2 013,"0,201","0,509"
La Roche-sur-Yon,85191,Vendée,Pays de la Loire,2 018,"0,200","0,534"
Neuilly-sur-Marne,93050,Seine-Saint-Denis,Île-de-France,2 014,"0,200","0,503"
Neuilly-sur-Marne,93050,Seine-Saint-Denis,Île-de-France,2 016,"0,200","0,485"
Anglet,64024,Pyrénées-Atlantiques,Aquitaine,2 012,"0,200","0,483"
Epinal,88160,Vosges,Lorraine,2 022,"0,200","0,002"
Le Mans,72181,Sarthe,Pays de la Loire,2 014,"0,199","0,552"
Pau,64445,Pyrénées-Atlantiques,Aquitaine,2 016,"0,199","0,547"
Tours,37261,Indre-et-Loire,Centre,2 013,"0,198","0,518"
Lens,62498,Pas-de-Calais,Nord-Pas-de-Calais,2 013,"0,198","0,578"
Laval,53130,Mayenne,Pays de la Loire,2 016,"0,196","0,499"
Auxerre,89024,Yonne,Bourgogne,2 018,"0,195","0,520"
Nanterre,92050,Hauts-de-Seine,Île-de-France,2 018,"0,195","0,531"
Rouen,76540,Seine-Maritime,Haute-Normandie,2 017,"0,195","0,547"
Le Mans,72181,Sarthe,Pays de la Loire,2 020,"0,194","0,569"
Sochaux,25547,Doubs,Franche-Comté,2 017,"0,194","0,515"
Le Havre,76351,Seine-Maritime,Haute-Normandie,2 019,"0,194","0,595"
Pau,64445,Pyrénées-Atlantiques,Aquitaine,2 018,"0,193","0,551"
Auxerre,89024,Yonne,Bourgogne,2 020,"0,193","0,516"
Nanterre,92050,Hauts-de-Seine,Île-de-France,2 012,"0,193","0,493"
Laval,53130,Mayenne,Pays de la Loire,2 023,"0,192","0,004"
Créteil,94028,Val-de-Marne,Île-de-France,2 015,"0,191","0,510"
Caen,14118,Calvados,Basse-Normandie,2 022,"0,190","0,009"
Rouen,76540,Seine-Maritime,Haute-Normandie,2 020,"0,189","0,548"
Nanterre,92050,Hauts-de-Seine,Île-de-France,2 013,"0,188","0,508"
Denain,59172,Nord,Nord-Pas-de-Calais,2 020,"0,188","0,617"
Portel,62667,Pas-de-Calais,Nord-Pas-de-Calais,2 013,"0,188","0,572"
Blois,41018,Loir-et-Cher,Centre,2 019,"0,188","0,537"
Blois,41018,Loir-et-Cher,Centre,2 021,"0,188","0,527"
Fos-sur-mer,13039,Bouches-du-Rhône,Provence-Alpes-Côte d'Azur,2 014,"0,188","0,517"
Orchies,59449,Nord,Nord-Pas-de-Calais,2 015,"0,188","0,497"
Chalon-sur-saône,71076,Saône-et-Loire,Bourgogne,2 022,"0,188","0,003"
Le Mans,72181,Sarthe,Pays de la Loire,2 016,"0,188","0,566"
Pau,64445,Pyrénées-Atlantiques,Aquitaine,2 019,"0,186","0,555"
Orléans,45234,Loiret,Centre,2 017,"0,186","0,532"
Angoulême,16015,Charente,Poitou-Charentes,2 020,"0,186","0,593"
Biarritz,64122,Pyrénées-Atlantiques,Aquitaine,2 019,"0,186","0,564"
Carcassonne,11069,Aude,Languedoc-Roussillon,2 013,"0,186","0,552"
Nevers,58194,Nièvre,Bourgogne,2 018,"0,186","0,547"
Nevers,58194,Nièvre,Bourgogne,2 021,"0,186","0,524"
Saran,45302,Loiret,Centre,2 019,"0,186","0,508"
Mont-de-Marsan,40192,Landes,Aquitaine,2 014,"0,186","0,500"
Pontault-combault,77373,Seine-et-Marne,Île-de-France,2 013,"0,186","0,496"
Tremblay-en-france,93073,Seine-Saint-Denis,Île-de-France,2 022,"0,186","0,003"
Colomiers,31149,Haute-Garonne,Midi-Pyrénées,2 023,"0,186","0,002"
Orléans,45234,Loiret,Centre,2 015,"0,185","0,533"
Valenciennes,59606,Nord,Nord-Pas-de-Calais,2 016,"0,185","0,553"
Le Havre,76351,Seine-Maritime,Haute-Normandie,2 012,"0,185","0,543"
Châteauroux,36044,Indre,Centre,2 019,"0,184","0,546"
Rouen,76540,Seine-Maritime,Haute-Normandie,2 022,"0,183","0,011"
Pau,64445,Pyrénées-Atlantiques,Aquitaine,2 020,"0,183","0,549"
Niort,79191,Deux-Sèvres,Poitou-Charentes,2 019,"0,182","0,548"
Oyonnax,01283,Ain,Rhône-Alpes,2 015,"0,181","0,533"
Limoges,87085,Haute-Vienne,Limousin,2 012,"0,180","0,505"
Le Havre,76351,Seine-Maritime,Haute-Normandie,2 022,"0,179","0,010"
Chartres,28085,Eure-et-Loir,Centre,2 020,"0,179","0,533"
Chartres,28085,Eure-et-Loir,Centre,2 022,"0,179","0,003"
Angers,49007,Maine-et-Loire,Pays de la Loire,2 014,"0,178","0,555"
Saint-Gervais-les-Bains,74236,Haute-Savoie,Rhône-Alpes,2 018,"0,178","0,438"
Courchevel,73227,Savoie,Rhône-Alpes,2 017,"0,178","0,395"
Neuilly-sur-Marne,93050,Seine-Saint-Denis,Île-de-France,2 023,"0,178","0,004"
Le Mans,72181,Sarthe,Pays de la Loire,2 018,"0,176","0,571"
Saint-Ouen,93070,Seine-Saint-Denis,Île-de-France,2 017,"0,175","0,535"
Nanterre,92050,Hauts-de-Seine,Île-de-France,2 022,"0,175","0,011"
Orléans,45234,Loiret,Centre,2 020,"0,173","0,542"
Roanne,42187,Loire,Rhône-Alpes,2 015,"0,171","0,553"
Evreux,27229,Eure,Haute-Normandie,2 017,"0,171","0,547"
Evreux,27229,Eure,Haute-Normandie,2 012,"0,171","0,543"
Gries,67169,Bas-Rhin,Alsace,2 021,"0,171","0,530"
Poitiers,86194,Vienne,Poitou-Charentes,2 016,"0,171","0,514"
Aix-les-bains,73008,Savoie,Rhône-Alpes,2 014,"0,171","0,513"
Gries,67169,Bas-Rhin,Alsace,2 019,"0,171","0,508"
Souffelweyersheim,67471,Bas-Rhin,Alsace,2 020,"0,171","0,495"
Vichy,03310,Allier,Auvergne,2 023,"0,171","0,002"
Vichy,03310,Allier,Auvergne,2 022,"0,171","0,002"
Le Mans,72181,Sarthe,Pays de la Loire,2 015,"0,171","0,566"
Rouen,76540,Seine-Maritime,Haute-Normandie,2 021,"0,170","0,546"
Chartres,28085,Eure-et-Loir,Centre,2 021,"0,170","0,532"
Valenciennes,59606,Nord,Nord-Pas-de-Calais,2 019,"0,168","0,564"
Valenciennes,59606,Nord,Nord-Pas-de-Calais,2 021,"0,168","0,571"
Valenciennes,59606,Nord,Nord-Pas-de-Calais,2 018,"0,166","0,560"
Biarritz,64122,Pyrénées-Atlantiques,Aquitaine,2 016,"0,165","0,565"
Narbonne,11262,Aude,Languedoc-Roussillon,2 013,"0,165","0,551"
Carcassonne,11069,Aude,Languedoc-Roussillon,2 021,"0,165","0,547"
Vannes,56260,Morbihan,Bretagne,2 020,"0,165","0,544"
Colomiers,31149,Haute-Garonne,Midi-Pyrénées,2 015,"0,165","0,527"
Sélestat,67462,Bas-Rhin,Alsace,2 019,"0,165","0,518"
Bourgoin-Jallieu,38053,Isère,Rhône-Alpes,2 014,"0,165","0,511"
Saran,45302,Loiret,Centre,2 020,"0,165","0,507"
Aurillac,15014,Cantal,Auvergne,2 017,"0,165","0,496"
Bayonne,64102,Pyrénées-Atlantiques,Aquitaine,2 018,"0,165","0,484"
Montauban,82121,Tarn-et-Garonne,Midi-Pyrénées,2 022,"0,165","0,005"
Pau,64445,Pyrénées-Atlantiques,Aquitaine,2 014,"0,165","0,531"
Amiens,80021,Somme,Picardie,2 012,"0,164","0,522"
Niort,79191,Deux-Sèvres,Poitou-Charentes,2 013,"0,163","0,538"
Pau,64445,Pyrénées-Atlantiques,Aquitaine,2 015,"0,162","0,546"
Arles,13004,Bouches-du-Rhône,Provence-Alpes-Côte d'Azur,2 013,"0,160","0,481"
Le Mans,72181,Sarthe,Pays de la Loire,2 023,"0,160","0,009"
Rouen,76540,Seine-Maritime,Haute-Normandie,2 014,"0,160","0,539"
Rouen,76540,Seine-Maritime,Haute-Normandie,2 012,"0,160","0,510"
Pau,64445,Pyrénées-Atlantiques,Aquitaine,2 012,"0,159","0,494"
Bourg-en-Bresse,01053,Ain,Rhône-Alpes,2 018,"0,158","0,531"
Bourg-en-Bresse,01053,Ain,Rhône-Alpes,2 016,"0,158","0,522"
Rodez,12202,Aveyron,Midi-Pyrénées,2 023,"0,158","0,002"
Sochaux,25547,Doubs,Franche-Comté,2 016,"0,158","0,631"
Châteauroux,36044,Indre,Centre,2 012,"0,156","0,515"
Neuilly-sur-Marne,93050,Seine-Saint-Denis,Île-de-France,2 017,"0,155","0,466"
Saint-Gervais-les-Bains,74236,Haute-Savoie,Rhône-Alpes,2 023,"0,155","0,001"
Bourg-en-Bresse,01053,Ain,Rhône-Alpes,2 023,"0,155","0,003"
Laval,53130,Mayenne,Pays de la Loire,2 012,"0,155","0,463"
Angers,49007,Maine-et-Loire,Pays de la Loire,2 012,"0,155","0,520"
Le Mans,72181,Sarthe,Pays de la Loire,2 021,"0,155","0,563"
Nanterre,92050,Hauts-de-Seine,Île-de-France,2 023,"0,155","0,011"
Orléans,45234,Loiret,Centre,2 012,"0,155","0,513"
Sochaux,25547,Doubs,Franche-Comté,2 020,"0,155","0,530"
Portel,62667,Pas-de-Calais,Nord-Pas-de-Calais,2 015,"0,154","0,575"
Evreux,27229,Eure,Haute-Normandie,2 018,"0,154","0,551"
Blois,41018,Loir-et-Cher,Centre,2 017,"0,154","0,535"
Poitiers,86194,Vienne,Poitou-Charentes,2 019,"0,154","0,522"
Gries,67169,Bas-Rhin,Alsace,2 023,"0,154","0,000"
Gries,67169,Bas-Rhin,Alsace,2 022,"0,154","0,000"
Chartres,28085,Eure-et-Loir,Centre,2 016,"0,152","0,519"
Chartres,28085,Eure-et-Loir,Centre,2 023,"0,152","0,003"
Nancy,54395,Meurthe-et-Moselle,Lorraine,2 018,"0,151","0,541"
Tours,37261,Indre-et-Loire,Centre,2 015,"0,150","0,542"
Le Mans,72181,Sarthe,Pays de la Loire,2 019,"0,149","0,575"
Valenciennes,59606,Nord,Nord-Pas-de-Calais,2 017,"0,149","0,566"
Rodez,12202,Aveyron,Midi-Pyrénées,2 020,"0,148","0,466"
Orléans,45234,Loiret,Centre,2 013,"0,147","0,518"
Pau,64445,Pyrénées-Atlantiques,Aquitaine,2 013,"0,147","0,509"
Massy,91377,Essonne,Île-de-France,2 015,"0,146","0,509"
Bourg-en-Bresse,01053,Ain,Rhône-Alpes,2 021,"0,146","0,519"
Angoulême,16015,Charente,Poitou-Charentes,2 019,"0,145","0,602"
Carcassonne,11069,Aude,Languedoc-Roussillon,2 017,"0,145","0,593"
Carcassonne,11069,Aude,Languedoc-Roussillon,2 015,"0,145","0,591"
Vernon,27681,Eure,Haute-Normandie,2 018,"0,145","0,536"
Colomiers,31149,Haute-Garonne,Midi-Pyrénées,2 018,"0,145","0,531"
Cherbourg,50129,Manche,Basse-Normandie,2 016,"0,145","0,524"
Cherbourg,50129,Manche,Basse-Normandie,2 019,"0,145","0,524"
Bourgoin-Jallieu,38053,Isère,Rhône-Alpes,2 016,"0,145","0,521"
Colomiers,31149,Haute-Garonne,Midi-Pyrénées,2 014,"0,145","0,518"
Cherbourg,50129,Manche,Basse-Normandie,2 017,"0,145","0,518"
Montauban,82121,Tarn-et-Garonne,Midi-Pyrénées,2 021,"0,145","0,514"
Sélestat,67462,Bas-Rhin,Alsace,2 021,"0,145","0,509"
Bourgoin-Jallieu,38053,Isère,Rhône-Alpes,2 012,"0,145","0,500"
Besancon,25056,Doubs,Franche-Comté,2 012,"0,145","0,499"
Ajaccio,2A004,Corse-du-Sud,Corse,2 021,"0,144","0,474"
Le Mans,72181,Sarthe,Pays de la Loire,2 022,"0,144","0,009"
Créteil,94028,Val-de-Marne,Île-de-France,2 016,"0,141","0,505"
Bourg-en-Bresse,01053,Ain,Rhône-Alpes,2 017,"0,141","0,520"
Niort,79191,Deux-Sèvres,Poitou-Charentes,2 022,"0,141","0,003"
Nancy,54395,Meurthe-et-Moselle,Lorraine,2 022,"0,139","0,008"
Auxerre,89024,Yonne,Bourgogne,2 019,"0,137","0,526"
Denain,59172,Nord,Nord-Pas-de-Calais,2 018,"0,137","0,622"
Saint-quentin,02691,Aisne,Picardie,2 014,"0,137","0,589"
Vichy,03310,Allier,Auvergne,2 016,"0,137","0,568"
Evreux,27229,Eure,Haute-Normandie,2 015,"0,137","0,556"
Poitiers,86194,Vienne,Poitou-Charentes,2 017,"0,137","0,514"
Antibes,06004,Alpes-Maritimes,Provence-Alpes-Côte d'Azur,2 012,"0,137","0,510"
Aix-les-bains,73008,Savoie,Rhône-Alpes,2 013,"0,137","0,501"
Evreux,27229,Eure,Haute-Normandie,2 023,"0,137","0,003"
Denain,59172,Nord,Nord-Pas-de-Calais,2 022,"0,137","0,001"
Rouen,76540,Seine-Maritime,Haute-Normandie,2 023,"0,137","0,010"
Grenoble,38185,Isère,Rhône-Alpes,2 022,"0,136","0,014"
Tours,37261,Indre-et-Loire,Centre,2 017,"0,136","0,547"
Laval,53130,Mayenne,Pays de la Loire,2 014,"0,136","0,490"
Oyonnax,01283,Ain,Rhône-Alpes,2 014,"0,136","0,535"
Massy,91377,Essonne,Île-de-France,2 020,"0,136","0,518"
Niort,79191,Deux-Sèvres,Poitou-Charentes,2 018,"0,135","0,542"
Arles,13004,Bouches-du-Rhône,Provence-Alpes-Côte d'Azur,2 012,"0,135","0,481"
Boulogne-sur-Mer,62160,Pas-de-Calais,Nord-Pas-de-Calais,2 012,"0,135","0,553"
Chartres,28085,Eure-et-Loir,Centre,2 019,"0,134","0,536"
Courbevoie,92026,Hauts-de-Seine,Île-de-France,2 012,"0,133","0,568"
Neuilly-sur-Marne,93050,Seine-Saint-Denis,Île-de-France,2 013,"0,133","0,497"
Neuilly-sur-Marne,93050,Seine-Saint-Denis,Île-de-France,2 015,"0,133","0,494"
Rodez,12202,Aveyron,Midi-Pyrénées,2 021,"0,132","0,475"
Orléans,45234,Loiret,Centre,2 021,"0,131","0,546"
Oyonnax,01283,Ain,Rhône-Alpes,2 016,"0,130","0,537"
Nîmes,30189,Gard,Languedoc-Roussillon,2 012,"0,128","0,538"
Le Mans,72181,Sarthe,Pays de la Loire,2 017,"0,128","0,570"
Bourg-en-Bresse,01053,Ain,Rhône-Alpes,2 020,"0,128","0,524"
Arles,13004,Bouches-du-Rhône,Provence-Alpes-Côte d'Azur,2 014,"0,128","0,476"
Niort,79191,Deux-Sèvres,Poitou-Charentes,2 016,"0,127","0,554"
Sochaux,25547,Doubs,Franche-Comté,2 019,"0,127","0,523"
Orléans,45234,Loiret,Centre,2 014,"0,127","0,529"
Massy,91377,Essonne,Île-de-France,2 017,"0,125","0,510"
Massy,91377,Essonne,Île-de-France,2 013,"0,125","0,490"
Chartres,28085,Eure-et-Loir,Centre,2 018,"0,125","0,534"
Caen,14118,Calvados,Basse-Normandie,2 020,"0,125","0,527"
Carcassonne,11069,Aude,Languedoc-Roussillon,2 020,"0,124","0,563"
Narbonne,11262,Aude,Languedoc-Roussillon,2 017,"0,124","0,562"
Vannes,56260,Morbihan,Bretagne,2 018,"0,124","0,546"
Saintes,17415,Charente-Maritime,Poitou-Charentes,2 012,"0,124","0,523"
Besancon,25056,Doubs,Franche-Comté,2 015,"0,124","0,514"
Mont-de-Marsan,40192,Landes,Aquitaine,2 021,"0,124","0,513"
Besancon,25056,Doubs,Franche-Comté,2 016,"0,124","0,511"
Besancon,25056,Doubs,Franche-Comté,2 014,"0,124","0,509"
Besancon,25056,Doubs,Franche-Comté,2 013,"0,124","0,507"
Colomiers,31149,Haute-Garonne,Midi-Pyrénées,2 013,"0,124","0,505"
Sélestat,67462,Bas-Rhin,Alsace,2 020,"0,124","0,505"
Auch,32013,Gers,Midi-Pyrénées,2 012,"0,124","0,469"
Aurillac,15014,Cantal,Auvergne,2 022,"0,124","0,001"
Aurillac,15014,Cantal,Auvergne,2 023,"0,124","0,001"
Oyonnax,01283,Ain,Rhône-Alpes,2 013,"0,123","0,519"
Laval,53130,Mayenne,Pays de la Loire,2 013,"0,123","0,476"
Oyonnax,01283,Ain,Rhône-Alpes,2 018,"0,123","0,509"
Bourg-en-Bresse,01053,Ain,Rhône-Alpes,2 022,"0,121","0,003"
Grenoble,38185,Isère,Rhône-Alpes,2 016,"0,120","0,524"
Valenciennes,59606,Nord,Nord-Pas-de-Calais,2 015,"0,120","0,554"
Châteauroux,36044,Indre,Centre,2 013,"0,120","0,526"
Denain,59172,Nord,Nord-Pas-de-Calais,2 014,"0,120","0,599"
Saint-quentin,02691,Aisne,Picardie,2 016,"0,120","0,592"
Vichy,03310,Allier,Auvergne,2 021,"0,120","0,581"
Aix-les-bains,73008,Savoie,Rhône-Alpes,2 018,"0,120","0,528"
Boulazac,24053,Dordogne,Aquitaine,2 022,"0,120","0,000"
Ajaccio,2A004,Corse-du-Sud,Corse,2 019,"0,119","0,471"
Valenciennes,59606,Nord,Nord-Pas-de-Calais,2 023,"0,118","0,003"
Istres,13047,Bouches-du-Rhône,Provence-Alpes-Côte d'Azur,2 013,"0,118","0,494"
Châteauroux,36044,Indre,Centre,2 020,"0,117","0,543"
Orléans,45234,Loiret,Centre,2 016,"0,117","0,535"
Oyonnax,01283,Ain,Rhône-Alpes,2 019,"0,117","0,507"
Oyonnax,01283,Ain,Rhône-Alpes,2 023,"0,117","0,001"
Grenoble,38185,Isère,Rhône-Alpes,2 015,"0,116","0,520"
Massy,91377,Essonne,Île-de-France,2 021,"0,115","0,521"
Massy,91377,Essonne,Île-de-France,2 019,"0,115","0,518"
Massy,91377,Essonne,Île-de-France,2 016,"0,115","0,511"
Auxerre,89024,Yonne,Bourgogne,2 014,"0,115","0,524"
Le Havre,76351,Seine-Maritime,Haute-Normandie,2 021,"0,114","0,585"
Valenciennes,59606,Nord,Nord-Pas-de-Calais,2 022,"0,113","0,003"
Bourg-en-Bresse,01053,Ain,Rhône-Alpes,2 019,"0,112","0,534"
Istres,13047,Bouches-du-Rhône,Provence-Alpes-Côte d'Azur,2 020,"0,111","0,506"
Istres,13047,Bouches-du-Rhône,Provence-Alpes-Côte d'Azur,2 019,"0,111","0,506"
Courbevoie,92026,Hauts-de-Seine,Île-de-France,2 013,"0,111","0,566"
Saint-Gervais-les-Bains,74236,Haute-Savoie,Rhône-Alpes,2 019,"0,111","0,438"
Courchevel,73227,Savoie,Rhône-Alpes,2 016,"0,111","0,385"
Oyonnax,01283,Ain,Rhône-Alpes,2 022,"0,110","0,001"
Oyonnax,01283,Ain,Rhône-Alpes,2 017,"0,110","0,536"
Istres,13047,Bouches-du-Rhône,Provence-Alpes-Côte d'Azur,2 014,"0,109","0,498"
Grenoble,38185,Isère,Rhône-Alpes,2 014,"0,108","0,519"
Chartres,28085,Eure-et-Loir,Centre,2 015,"0,107","0,521"
Auxerre,89024,Yonne,Bourgogne,2 017,"0,105","0,524"
Grenoble,38185,Isère,Rhône-Alpes,2 017,"0,104","0,527"
Oyonnax,01283,Ain,Rhône-Alpes,2 021,"0,104","0,488"
Nancy,54395,Meurthe-et-Moselle,Lorraine,2 023,"0,103","0,009"
Angoulême,16015,Charente,Poitou-Charentes,2 017,"0,103","0,610"
Carcassonne,11069,Aude,Languedoc-Roussillon,2 019,"0,103","0,583"
Narbonne,11262,Aude,Languedoc-Roussillon,2 016,"0,103","0,568"
Vernon,27681,Eure,Haute-Normandie,2 014,"0,103","0,560"
Vernon,27681,Eure,Haute-Normandie,2 019,"0,103","0,539"
Montauban,82121,Tarn-et-Garonne,Midi-Pyrénées,2 015,"0,103","0,529"
Mont-de-Marsan,40192,Landes,Aquitaine,2 020,"0,103","0,520"
Besancon,25056,Doubs,Franche-Comté,2 017,"0,103","0,510"
Aurillac,15014,Cantal,Auvergne,2 018,"0,103","0,500"
Pontault-combault,77373,Seine-et-Marne,Île-de-France,2 016,"0,103","0,497"
Pontault-combault,77373,Seine-et-Marne,Île-de-France,2 012,"0,103","0,492"
Aurillac,15014,Cantal,Auvergne,2 021,"0,103","0,492"
Aurillac,15014,Cantal,Auvergne,2 014,"0,103","0,486"
Vannes,56260,Morbihan,Bretagne,2 022,"0,103","0,004"
Biarritz,64122,Pyrénées-Atlantiques,Aquitaine,2 023,"0,103","0,003"
Denain,59172,Nord,Nord-Pas-de-Calais,2 017,"0,103","0,616"
Vichy,03310,Allier,Auvergne,2 018,"0,103","0,577"
Saint-vallier,26333,Drôme,Rhône-Alpes,2 012,"0,103","0,573"
Evreux,27229,Eure,Haute-Normandie,2 019,"0,103","0,561"
Evreux,27229,Eure,Haute-Normandie,2 021,"0,103","0,557"
Fos-sur-mer,13039,Bouches-du-Rhône,Provence-Alpes-Côte d'Azur,2 020,"0,103","0,529"
Poitiers,86194,Vienne,Poitou-Charentes,2 015,"0,103","0,514"
Boulazac,24053,Dordogne,Aquitaine,2 014,"0,103","0,474"
Aix-les-bains,73008,Savoie,Rhône-Alpes,2 022,"0,103","0,003"
Grenoble,38185,Isère,Rhône-Alpes,2 013,"0,103","0,510"
Istres,13047,Bouches-du-Rhône,Provence-Alpes-Côte d'Azur,2 021,"0,099","0,503"
Petit-Quevilly,76498,Seine-Maritime,Haute-Normandie,2 022,"0,099","0,001"
Chartres,28085,Eure-et-Loir,Centre,2 017,"0,098","0,528"
Chartres,28085,Eure-et-Loir,Centre,2 013,"0,098","0,512"
Oyonnax,01283,Ain,Rhône-Alpes,2 020,"0,097","0,496"
Grenoble,38185,Isère,Rhône-Alpes,2 012,"0,095","0,500"
Créteil,94028,Val-de-Marne,Île-de-France,2 012,"0,094","0,489"
Istres,13047,Bouches-du-Rhône,Provence-Alpes-Côte d'Azur,2 015,"0,093","0,495"
Istres,13047,Bouches-du-Rhône,Provence-Alpes-Côte d'Azur,2 022,"0,093","0,003"
Grenoble,38185,Isère,Rhône-Alpes,2 018,"0,091","0,530"
Thonon-les-Bains,74281,Haute-Savoie,Rhône-Alpes,2 016,"0,089","0,552"
Châteauroux,36044,Indre,Centre,2 014,"0,089","0,536"
Metz,57463,Moselle,Lorraine,2 012,"0,089","0,494"
Orléans,45234,Loiret,Centre,2 022,"0,089","0,009"
La Roche-sur-Yon,85191,Vendée,Pays de la Loire,2 019,"0,089","0,538"
Epinal,88160,Vosges,Lorraine,2 021,"0,089","0,531"
Cergy-Pontoise,95127,Val d'Oise,Île-de-France,2 018,"0,089","0,516"
Anglet,64024,Pyrénées-Atlantiques,Aquitaine,2 013,"0,089","0,504"
Saint-Gervais-les-Bains,74236,Haute-Savoie,Rhône-Alpes,2 015,"0,089","0,416"
Saint-Gervais-les-Bains,74236,Haute-Savoie,Rhône-Alpes,2 014,"0,089","0,411"
Rodez,12202,Aveyron,Midi-Pyrénées,2 022,"0,088","0,002"
Istres,13047,Bouches-du-Rhône,Provence-Alpes-Côte d'Azur,2 018,"0,088","0,502"
Istres,13047,Bouches-du-Rhône,Provence-Alpes-Côte d'Azur,2 023,"0,088","0,003"
Béziers,34032,Hérault,Languedoc-Roussillon,2 019,"0,086","0,535"
Denain,59172,Nord,Nord-Pas-de-Calais,2 016,"0,086","0,626"
Vichy,03310,Allier,Auvergne,2 020,"0,086","0,575"
Saint-quentin,02691,Aisne,Picardie,2 013,"0,086","0,575"
Quimper,29232,Finistère,Bretagne,2 019,"0,086","0,529"
Souffelweyersheim,67471,Bas-Rhin,Alsace,2 014,"0,086","0,526"
Fos-sur-mer,13039,Bouches-du-Rhône,Provence-Alpes-Côte d'Azur,2 015,"0,086","0,514"
Souffelweyersheim,67471,Bas-Rhin,Alsace,2 021,"0,086","0,509"
Saint-chamond,42207,Loire,Rhône-Alpes,2 017,"0,086","0,508"
Saint-chamond,42207,Loire,Rhône-Alpes,2 023,"0,086","0,002"
Boulogne-sur-mer,62160,Pas-de-Calais,Nord-Pas-de-Calais,2 015,"0,085","0,618"
Dax,40088,Landes,Aquitaine,2 013,"0,083","0,609"
Tarbes,65440,Hautes-Pyrénées,Midi-Pyrénées,2 015,"0,083","0,545"
Tarbes,65440,Hautes-Pyrénées,Midi-Pyrénées,2 012,"0,083","0,527"
Montauban,82121,Tarn-et-Garonne,Midi-Pyrénées,2 016,"0,083","0,524"
Montauban,82121,Tarn-et-Garonne,Midi-Pyrénées,2 019,"0,083","0,519"
Cherbourg,50129,Manche,Basse-Normandie,2 018,"0,083","0,517"
Besancon,25056,Doubs,Franche-Comté,2 021,"0,083","0,514"
Pontault-combault,77373,Seine-et-Marne,Île-de-France,2 014,"0,083","0,500"
Pontault-combault,77373,Seine-et-Marne,Île-de-France,2 015,"0,083","0,494"
Besancon,25056,Doubs,Franche-Comté,2 022,"0,083","0,007"
Cherbourg,50129,Manche,Basse-Normandie,2 023,"0,083","0,003"
Créteil,94028,Val-de-Marne,Île-de-France,2 022,"0,081","0,008"
Boulogne-sur-mer,62160,Pas-de-Calais,Nord-Pas-de-Calais,2 014,"0,080","0,603"
Chartres,28085,Eure-et-Loir,Centre,2 012,"0,080","0,502"
Niort,79191,Deux-Sèvres,Poitou-Charentes,2 020,"0,080","0,535"
Laval,53130,Mayenne,Pays de la Loire,2 017,"0,079","0,506"
Bourg-en-Bresse,01053,Ain,Rhône-Alpes,2 015,"0,079","0,524"
Oyonnax,01283,Ain,Rhône-Alpes,2 012,"0,078","0,501"
Créteil,94028,Val-de-Marne,Île-de-France,2 021,"0,077","0,523"
Istres,13047,Bouches-du-Rhône,Provence-Alpes-Côte d'Azur,2 017,"0,076","0,500"
Saint-Ouen,93070,Seine-Saint-Denis,Île-de-France,2 019,"0,073","0,553"
Valence,26362,Drôme,Rhône-Alpes,2 014,"0,073","0,539"
Massy,91377,Essonne,Île-de-France,2 014,"0,073","0,503"
Massy,91377,Essonne,Île-de-France,2 022,"0,073","0,005"
Créteil,94028,Val-de-Marne,Île-de-France,2 017,"0,073","0,507"
Créteil,94028,Val-de-Marne,Île-de-France,2 013,"0,073","0,494"
Petit-Quevilly,76498,Seine-Maritime,Haute-Normandie,2 018,"0,072","0,560"
Chartres,28085,Eure-et-Loir,Centre,2 014,"0,071","0,510"
Créteil,94028,Val-de-Marne,Île-de-France,2 020,"0,069","0,517"
Créteil,94028,Val-de-Marne,Île-de-France,2 023,"0,069","0,009"
Saint-quentin,02691,Aisne,Picardie,2 015,"0,068","0,602"
Denain,59172,Nord,Nord-Pas-de-Calais,2 013,"0,068","0,570"
Vichy,03310,Allier,Auvergne,2 017,"0,068","0,564"
Gries,67169,Bas-Rhin,Alsace,2 020,"0,068","0,515"
Saint-chamond,42207,Loire,Rhône-Alpes,2 016,"0,068","0,508"
Denain,59172,Nord,Nord-Pas-de-Calais,2 023,"0,068","0,001"
Saint-vallier,26333,Drôme,Rhône-Alpes,2 022,"0,068","0,000"
Châteauroux,36044,Indre,Centre,2 015,"0,067","0,538"
Courbevoie,92026,Hauts-de-Seine,Île-de-France,2 016,"0,067","0,582"
Saint-Gervais-les-Bains,74236,Haute-Savoie,Rhône-Alpes,2 013,"0,067","0,408"
Courchevel,73227,Savoie,Rhône-Alpes,2 018,"0,067","0,402"
Morzine,74191,Haute-Savoie,Rhône-Alpes,2 023,"0,067","0,000"
Boulogne-sur-mer,62160,Pas-de-Calais,Nord-Pas-de-Calais,2 013,"0,066","0,581"
Bourg-en-Bresse,01053,Ain,Rhône-Alpes,2 014,"0,066","0,515"
Niort,79191,Deux-Sèvres,Poitou-Charentes,2 021,"0,066","0,530"
Valence,26362,Drôme,Rhône-Alpes,2 013,"0,065","0,523"
Chambly,60139,Oise,Picardie,2 021,"0,065","0,517"
Béziers,34032,Hérault,Languedoc-Roussillon,2 018,"0,063","0,530"
Tours,37261,Indre-et-Loire,Centre,2 018,"0,062","0,549"
Dax,40088,Landes,Aquitaine,2 014,"0,062","0,613"
Angoulême,16015,Charente,Poitou-Charentes,2 018,"0,062","0,597"
Vannes,56260,Morbihan,Bretagne,2 017,"0,062","0,543"
Tarbes,65440,Hautes-Pyrénées,Midi-Pyrénées,2 016,"0,062","0,540"
Colomiers,31149,Haute-Garonne,Midi-Pyrénées,2 019,"0,062","0,534"
Bourgoin-Jallieu,38053,Isère,Rhône-Alpes,2 015,"0,062","0,521"
Montauban,82121,Tarn-et-Garonne,Midi-Pyrénées,2 020,"0,062","0,514"
Sarrebourg,57360,Moselle,Lorraine,2 021,"0,062","0,495"
Aurillac,15014,Cantal,Auvergne,2 012,"0,062","0,456"
Semur-en-auxois,21603,Côte-d'Or,Bourgogne,2 013,"0,062","0,449"
Besancon,25056,Doubs,Franche-Comté,2 023,"0,062","0,007"
Montauban,82121,Tarn-et-Garonne,Midi-Pyrénées,2 023,"0,062","0,005"
Agen,47001,Lot-et-Garonne,Aquitaine,2 022,"0,062","0,002"
Créteil,94028,Val-de-Marne,Île-de-France,2 019,"0,060","0,517"
Béziers,34032,Hérault,Languedoc-Roussillon,2 016,"0,057","0,525"
Sedan,08409,Ardennes,Champagne-Ardenne,2 013,"0,056","0,609"
Caen,14118,Calvados,Basse-Normandie,2 021,"0,056","0,531"
Istres,13047,Bouches-du-Rhône,Provence-Alpes-Côte d'Azur,2 016,"0,053","0,501"
Massy,91377,Essonne,Île-de-France,2 023,"0,052","0,005"
Orléans,45234,Loiret,Centre,2 023,"0,052","0,009"
Denain,59172,Nord,Nord-Pas-de-Calais,2 019,"0,051","0,627"
Saint-vallier,26333,Drôme,Rhône-Alpes,2 013,"0,051","0,575"
Charleville-mézières,08105,Ardennes,Champagne-Ardenne,2 016,"0,051","0,567"
Evreux,27229,Eure,Haute-Normandie,2 020,"0,051","0,553"
Roanne,42187,Loire,Rhône-Alpes,2 017,"0,051","0,544"
Aix-les-bains,73008,Savoie,Rhône-Alpes,2 021,"0,051","0,541"
Quimper,29232,Finistère,Bretagne,2 018,"0,051","0,524"
Souffelweyersheim,67471,Bas-Rhin,Alsace,2 015,"0,051","0,517"
Portel,62667,Pas-de-Calais,Nord-Pas-de-Calais,2 012,"0,051","0,502"
Aix-les-bains,73008,Savoie,Rhône-Alpes,2 023,"0,051","0,002"
Amiens,80021,Somme,Picardie,2 014,"0,048","0,534"
Amiens,80021,Somme,Picardie,2 013,"0,048","0,528"
Amiens,80021,Somme,Picardie,2 015,"0,046","0,530"
Amiens,80021,Somme,Picardie,2 016,"0,046","0,528"
Courbevoie,92026,Hauts-de-Seine,Île-de-France,2 015,"0,044","0,576"
Courbevoie,92026,Hauts-de-Seine,Île-de-France,2 014,"0,044","0,575"
La Roche-sur-Yon,85191,Vendée,Pays de la Loire,2 016,"0,044","0,538"
Annecy,74010,Haute-Savoie,Rhône-Alpes,2 018,"0,044","0,531"
Annecy,74010,Haute-Savoie,Rhône-Alpes,2 013,"0,044","0,502"
Saint-Gervais-les-Bains,74236,Haute-Savoie,Rhône-Alpes,2 012,"0,044","0,403"
Niort,79191,Deux-Sèvres,Poitou-Charentes,2 023,"0,044","0,003"
Créteil,94028,Val-de-Marne,Île-de-France,2 018,"0,043","0,510"
Carcassonne,11069,Aude,Languedoc-Roussillon,2 016,"0,041","0,601"
Carcassonne,11069,Aude,Languedoc-Roussillon,2 018,"0,041","0,577"
Narbonne,11262,Aude,Languedoc-Roussillon,2 015,"0,041","0,572"
Carcassonne,11069,Aude,Languedoc-Roussillon,2 014,"0,041","0,568"
Saint-gratien,95555,Val d'Oise,Île-de-France,2 017,"0,041","0,537"
Narbonne,11262,Aude,Languedoc-Roussillon,2 012,"0,041","0,535"
Gonfreville l'Orcher,76305,Seine-Maritime,Haute-Normandie,2 013,"0,041","0,522"
Besancon,25056,Doubs,Franche-Comté,2 020,"0,041","0,516"
Besancon,25056,Doubs,Franche-Comté,2 018,"0,041","0,514"
Aurillac,15014,Cantal,Auvergne,2 019,"0,041","0,503"
Aurillac,15014,Cantal,Auvergne,2 020,"0,041","0,503"
Auch,32013,Gers,Midi-Pyrénées,2 013,"0,041","0,483"
Angoulême,16015,Charente,Poitou-Charentes,2 023,"0,041","0,003"
Bourg-en-Bresse,01053,Ain,Rhône-Alpes,2 013,"0,041","0,501"
Valence,26362,Drôme,Rhône-Alpes,2 015,"0,041","0,541"
Valence,26362,Drôme,Rhône-Alpes,2 021,"0,041","0,539"
Béziers,34032,Hérault,Languedoc-Roussillon,2 020,"0,040","0,526"
Béziers,34032,Hérault,Languedoc-Roussillon,2 023,"0,040","0,008"
Béziers,34032,Hérault,Languedoc-Roussillon,2 022,"0,040","0,007"
Bourg-en-Bresse,01053,Ain,Rhône-Alpes,2 012,"0,037","0,487"
Béziers,34032,Hérault,Languedoc-Roussillon,2 015,"0,034","0,522"
Béziers,34032,Hérault,Languedoc-Roussillon,2 014,"0,034","0,508"
Charleville-mézières,08105,Ardennes,Champagne-Ardenne,2 015,"0,034","0,559"
Roanne,42187,Loire,Rhône-Alpes,2 016,"0,034","0,556"
Denain,59172,Nord,Nord-Pas-de-Calais,2 012,"0,034","0,552"
Aix-les-bains,73008,Savoie,Rhône-Alpes,2 019,"0,034","0,532"
Aix-les-bains,73008,Savoie,Rhône-Alpes,2 020,"0,034","0,532"
Aix-les-bains,73008,Savoie,Rhône-Alpes,2 017,"0,034","0,527"
Poitiers,86194,Vienne,Poitou-Charentes,2 018,"0,034","0,518"
Saint-chamond,42207,Loire,Rhône-Alpes,2 021,"0,034","0,503"
Quimper,29232,Finistère,Bretagne,2 022,"0,034","0,004"
Mulhouse,68224,Haut-Rhin,Alsace,2 020,"0,032","0,583"
Massy,91377,Essonne,Île-de-France,2 012,"0,031","0,477"
Châteauroux,36044,Indre,Centre,2 021,"0,031","0,533"
Boulogne-sur-mer,62160,Pas-de-Calais,Nord-Pas-de-Calais,2 016,"0,028","0,624"
Mulhouse,68224,Haut-Rhin,Alsace,2 018,"0,028","0,602"
Mulhouse,68224,Haut-Rhin,Alsace,2 021,"0,028","0,577"
Mulhouse,68224,Haut-Rhin,Alsace,2 023,"0,028","0,007"
Mulhouse,68224,Haut-Rhin,Alsace,2 019,"0,025","0,603"
Valence,26362,Drôme,Rhône-Alpes,2 017,"0,024","0,538"
Valence,26362,Drôme,Rhône-Alpes,2 020,"0,024","0,537"
Mulhouse,68224,Haut-Rhin,Alsace,2 022,"0,024","0,008"
Béziers,34032,Hérault,Languedoc-Roussillon,2 017,"0,023","0,527"
Béziers,34032,Hérault,Languedoc-Roussillon,2 021,"0,023","0,526"
Cergy-Pontoise,95127,Val d'Oise,Île-de-France,2 012,"0,022","0,495"
Saint-Gervais-les-Bains,74236,Haute-Savoie,Rhône-Alpes,2 016,"0,022","0,420"
Dax,40088,Landes,Aquitaine,2 016,"0,021","0,619"
Dax,40088,Landes,Aquitaine,2 015,"0,021","0,609"
Dax,40088,Landes,Aquitaine,2 017,"0,021","0,607"
Dax,40088,Landes,Aquitaine,2 018,"0,021","0,579"
Auch,32013,Gers,Midi-Pyrénées,2 014,"0,021","0,495"
Carcassonne,11069,Aude,Languedoc-Roussillon,2 023,"0,021","0,003"
Tours,37261,Indre-et-Loire,Centre,2 020,"0,020","0,549"
Mulhouse,68224,Haut-Rhin,Alsace,2 017,"0,020","0,600"
Béziers,34032,Hérault,Languedoc-Roussillon,2 012,"0,017","0,504"
Saint-quentin,02691,Aisne,Picardie,2 017,"0,017","0,588"
Saint-quentin,02691,Aisne,Picardie,2 020,"0,017","0,580"
Antibes,06004,Alpes-Maritimes,Provence-Alpes-Côte d'Azur,2 021,"0,017","0,553"
Souffelweyersheim,67471,Bas-Rhin,Alsace,2 016,"0,017","0,521"
Aix-les-bains,73008,Savoie,Rhône-Alpes,2 015,"0,017","0,520"
Quimper,29232,Finistère,Bretagne,2 012,"0,017","0,499"
Orchies,59449,Nord,Nord-Pas-de-Calais,2 014,"0,017","0,498"
Quimper,29232,Finistère,Bretagne,2 023,"0,017","0,004"
Tours,37261,Indre-et-Loire,Centre,2 023,"0,016","0,011"
Valence,26362,Drôme,Rhône-Alpes,2 016,"0,016","0,537"
Valence,26362,Drôme,Rhône-Alpes,2 023,"0,016","0,005"
Arles,13004,Bouches-du-Rhône,Provence-Alpes-Côte d'Azur,2 015,"0,013","0,469"
Tours,37261,Indre-et-Loire,Centre,2 019,"0,011","0,555"
Tours,37261,Indre-et-Loire,Centre,2 021,"0,011","0,552"
Valence,26362,Drôme,Rhône-Alpes,2 022,"0,008","0,005"
Béziers,34032,Hérault,Languedoc-Roussillon,2 013,"0,006","0,500"
Tours,37261,Indre-et-Loire,Centre,2 022,"0,005","0,012"
Boulogne-sur-mer,62160,Pas-de-Calais,Nord-Pas-de-Calais,2 017,"0,000","0,613"
Angoulême,16015,Charente,Poitou-Charentes,2 021,"0,000","0,579"
Saint-vallier,26333,Drôme,Rhône-Alpes,2 014,"0,000","0,573"
Charleville-mézières,08105,Ardennes,Champagne-Ardenne,2 018,"0,000","0,570"
Narbonne,11262,Aude,Languedoc-Roussillon,2 018,"0,000","0,569"
Albi,81004,Tarn,Midi-Pyrénées,2 015,"0,000","0,551"
Albi,81004,Tarn,Midi-Pyrénées,2 017,"0,000","0,547"
Albi,81004,Tarn,Midi-Pyrénées,2 016,"0,000","0,547"
Bourgoin-Jallieu,38053,Isère,Rhône-Alpes,2 017,"0,000","0,539"
Albi,81004,Tarn,Midi-Pyrénées,2 014,"0,000","0,539"
Vichy,03310,Allier,Auvergne,2 012,"0,000","0,535"
Charleville-mézières,08105,Ardennes,Champagne-Ardenne,2 013,"0,000","0,532"
Périgueux,24322,Dordogne,Aquitaine,2 012,"0,000","0,525"
Albi,81004,Tarn,Midi-Pyrénées,2 013,"0,000","0,521"
Poitiers,86194,Vienne,Poitou-Charentes,2 020,"0,000","0,515"
Annecy,74010,Haute-Savoie,Rhône-Alpes,2 014,"0,000","0,515"
Valence,26362,Drôme,Rhône-Alpes,2 012,"0,000","0,515"
Poitiers,86194,Vienne,Poitou-Charentes,2 021,"0,000","0,510"
Orchies,59449,Nord,Nord-Pas-de-Calais,2 016,"0,000","0,503"
Amnéville,57019,Moselle,Lorraine,2 013,"0,000","0,503"
Albi,81004,Tarn,Midi-Pyrénées,2 012,"0,000","0,500"
Annecy,74010,Haute-Savoie,Rhône-Alpes,2 023,"0,000","0,012"
Narbonne,11262,Aude,Languedoc-Roussillon,2 022,"0,000","0,005"
Saint-vallier,26333,Drôme,Rhône-Alpes,2 023,"0,000","0,000"